Gene	Ensembl	MGI	Sum
1110025L11Rik	true	true	2
1110057P08Rik	true	true	2
1300017J02Rik	true	true	2
1500009C09Rik	true	true	2
1500011B03Rik	true	true	2
1600014C23Rik	true	true	2
1700001F09Rik	true	true	2
1700001J03Rik	true	true	2
1700001K19Rik	true	true	2
1700003H04Rik	true	true	2
1700006A11Rik	true	true	2
1700008P02Rik	true	true	2
1700010B08Rik	true	true	2
1700012A03Rik	true	true	2
1700012B07Rik	true	true	2
1700013G24Rik	true	true	2
1700014B07Rik	true	true	2
1700014D04Rik	true	true	2
1700016D06Rik	true	true	2
1700018F24Rik	true	true	2
1700018G05Rik	true	true	2
1700019A02Rik	true	true	2
1700020L13Rik	true	true	2
1700020N01Rik	true	true	2
1700020N15Rik	true	true	2
1700024B05Rik	true	true	2
1700025B11Rik	true	true	2
1700025C18Rik	true	true	2
1700028J19Rik	true	true	2
1700029F12Rik	true	true	2
1700031F05Rik	true	true	2
1700031L13Rik	true	true	2
1700034E13Rik	true	true	2
1700034I23Rik	true	true	2
1700049E17Rik1	true	true	2
1700049E17Rik2	true	true	2
1700056E22Rik	true	true	2
1700064H15Rik	true	true	2
1700067P10Rik	true	true	2
1700069L16Rik	true	true	2
1700074P13Rik	true	true	2
1700084M14Rik	true	true	2
1700086D15Rik	true	true	2
1700109H08Rik	true	true	2
1700122O11Rik	true	true	2
1700123K08Rik	true	true	2
1700129C05Rik	true	true	2
1810009J06Rik	true	true	2
1810024B03Rik	true	true	2
1810049J17Rik	true	true	2
1810062G17Rik	true	true	2
1810065E05Rik	true	true	2
2010106E10Rik	true	true	2
2010109A12Rik	true	true	2
2200002J24Rik	true	true	2
2210017I01Rik	true	true	2
2210418O10Rik	true	true	2
2300003K06Rik	true	true	2
2310002L09Rik	true	true	2
2310003L06Rik	true	true	2
2310046K23Rik	true	true	2
2310079G19Rik	true	true	2
2610008E11Rik	true	true	2
2610042L04Rik	true	true	2
2610044O15Rik8	true	true	2
2610318N02Rik	true	true	2
2700097O09Rik	true	true	2
2810021J22Rik	true	true	2
2810408A11Rik	true	true	2
3110021N24Rik	true	true	2
3110040M04Rik	true	true	2
3110082J24Rik	true	true	2
3300002I08Rik	true	true	2
4632433K11Rik	true	true	2
4921509C19Rik	true	true	2
4921511C20Rik	true	true	2
4921524L21Rik	true	true	2
4930402F06Rik	true	true	2
4930402K13Rik	true	true	2
4930404H24Rik	true	true	2
4930412O13Rik	true	true	2
4930432M17Rik	true	true	2
4930438A08Rik	true	true	2
4930447A16Rik	true	true	2
4930447F04Rik	true	true	2
4930449I24Rik	true	true	2
4930455H04Rik	true	true	2
4930469K13Rik	true	true	2
4930470P17Rik	true	true	2
4930474N05Rik	true	true	2
4930480E11Rik	true	true	2
4930503B20Rik	true	true	2
4930503E14Rik	true	true	2
4930512M02Rik	true	true	2
4930513O06Rik	true	true	2
4930516K23Rik	true	true	2
4930519G04Rik	true	true	2
4930522L14Rik	true	true	2
4930544G11Rik	true	true	2
4930556J24Rik	true	true	2
4930563M21Rik	true	true	2
4930564D02Rik	true	true	2
4930568D16Rik	true	true	2
4930572O03Rik	true	true	2
4930578G10Rik	true	true	2
4930583I09Rik	true	true	2
4930595D18Rik	true	true	2
4930595M18Rik	true	true	2
4930596D02Rik	true	true	2
4931400O07Rik	true	true	2
4931408C20Rik	true	true	2
4931422A03Rik	true	true	2
4931429L15Rik	true	true	2
4932411N23Rik	true	true	2
4932414N04Rik	true	true	2
4933402D24Rik	true	true	2
4933402N22Rik	true	true	2
4933403O08Rik	true	true	2
4933407L21Rik	true	true	2
4933409G03Rik	true	true	2
4933414I15Rik	true	true	2
4933416I08Rik	true	true	2
4933421I07Rik	true	true	2
4933428G20Rik	true	true	2
4933428M09Rik	true	true	2
4933436I01Rik	true	true	2
5031410I06Rik	true	true	2
5430401F13Rik	true	true	2
5430402E10Rik	true	true	2
5430403G16Rik	true	true	2
5530400C23Rik	true	true	2
5530401A14Rik	true	true	2
5730522E02Rik	true	true	2
6030498E09Rik	true	true	2
6330403K07Rik	true	true	2
6330409D20Rik	true	true	2
6330411D24Rik	true	true	2
6720489N17Rik	true	true	2
7530416G11Rik	true	true	2
9030624G23Rik	true	true	2
9130023H24Rik	true	true	2
9130230L23Rik	true	true	2
9230102O04Rik	true	true	2
9230112D13Rik	true	true	2
9330182O14Rik	true	true	2
9430069I07Rik	true	true	2
9530002B09Rik	true	true	2
9630041A04Rik	true	true	2
9830107B12Rik	true	true	2
9930022D16Rik	true	true	2
9930111J21Rik1	true	true	2
9930111J21Rik2	true	true	2
A030003K21Rik	true	true	2
A030005K14Rik	true	true	2
A030005L19Rik	true	true	2
A030014E15Rik	true	true	2
A230072I06Rik	true	true	2
A2ml1	true	true	2
A330070K13Rik	true	true	2
A530032D15Rik	true	true	2
A530064D06Rik	true	true	2
A530084C06Rik	true	true	2
A630001G21Rik	true	true	2
A630010A05Rik	true	true	2
A630023A22Rik	true	true	2
A630073D07Rik	true	true	2
A630076J17Rik	true	true	2
A630089N07Rik	true	true	2
A630095N17Rik	true	true	2
A730009L09Rik	true	true	2
A730049H05Rik	true	true	2
A730071L15Rik	true	true	2
A830005F24Rik	true	true	2
A830031A19Rik	true	true	2
A930002H24Rik	true	true	2
A930003A15Rik	true	true	2
A930004D18Rik	true	true	2
A930007A09Rik	true	true	2
A930009A15Rik	true	true	2
A930033H14Rik	true	true	2
AF067061	true	true	2
AF067063	true	true	2
AI182371	true	true	2
AI854703	true	true	2
AU018091	true	true	2
AV320801	true	true	2
AW822073	true	true	2
AY074887	true	true	2
AY358078	true	true	2
Aadacl2fm1	true	true	2
Aadacl2fm2	true	true	2
Aadacl2fm3	true	true	2
Abca14	true	true	2
Abca15	true	true	2
Abca16	true	true	2
Acnat1	true	true	2
Acnat2	true	true	2
Acsbg3	true	true	2
Acte1	true	true	2
Actl11	true	true	2
Adam26a	true	true	2
Adam26b	true	true	2
Adam34	true	true	2
Adam34l	true	true	2
Adam4	true	true	2
Adam6b	true	true	2
Adh6a	true	true	2
Albfm1	true	true	2
Alox12e	true	true	2
Amy2a1	true	true	2
Amy2a3	true	true	2
Amy2a4	true	true	2
Aox2	true	true	2
Aox4	true	true	2
Arhgap33os	true	true	2
Aym1	true	true	2
B020031M17Rik	true	true	2
B230217C12Rik	true	true	2
B230307C23Rik	true	true	2
B430305J03Rik	true	true	2
B430306N03Rik	true	true	2
B630019K06Rik	true	true	2
B830017H08Rik	true	true	2
B930094E09Rik	true	true	2
BB014433	true	true	2
BC024063	true	true	2
BC024139	true	true	2
BC030500	true	true	2
BC035044	true	true	2
BC048679	true	true	2
BC061237	true	true	2
BC107364	true	true	2
BC147527	true	true	2
Bmyc	true	true	2
Bpifa6	true	true	2
Bpifb9b	true	true	2
Brd8dc	true	true	2
Bsph2	true	true	2
Btbd35f1	true	true	2
Btbd35f10	true	true	2
Btbd35f11	true	true	2
Btbd35f12	true	true	2
Btbd35f13	true	true	2
Btbd35f14	true	true	2
Btbd35f15	true	true	2
Btbd35f16	true	true	2
Btbd35f17	true	true	2
Btbd35f18	true	true	2
Btbd35f19	true	true	2
Btbd35f2	true	true	2
Btbd35f20	true	true	2
Btbd35f21	true	true	2
Btbd35f22	true	true	2
Btbd35f23	true	true	2
Btbd35f24	true	true	2
Btbd35f25	true	true	2
Btbd35f26	true	true	2
Btbd35f27	true	true	2
Btbd35f28	true	true	2
Btbd35f29	true	true	2
Btbd35f3	true	true	2
Btbd35f4	true	true	2
Btbd35f5	true	true	2
Btbd35f6	true	true	2
Btbd35f7	true	true	2
Btbd35f8	true	true	2
Btbd35f9	true	true	2
C130050O18Rik	true	true	2
Car15	true	true	2
Carlr	true	true	2
Cbr2	true	true	2
Cdcp3	true	true	2
Clca3a1	true	true	2
Clca3a2	true	true	2
Clca3b	true	true	2
Cma2	true	true	2
Col6a4	true	true	2
Crxos	true	true	2
Cspg4b	true	true	2
Csprs	true	true	2
Cstad	true	true	2
Cstdc1	true	true	2
Ctla2a	true	true	2
Ctla2b	true	true	2
Cxcl15	true	true	2
Cym	true	true	2
Cyp2c70	true	true	2
Cyp2j7	true	true	2
Cypt1	true	true	2
Cypt12	true	true	2
Cypt14	true	true	2
Cypt15	true	true	2
Cypt2	true	true	2
Cypt3	true	true	2
Cypt4	true	true	2
D13Ertd608e	true	true	2
D6Ertd527e	true	true	2
D830030K20Rik	true	true	2
D930048N14Rik	true	true	2
Dcpp1	true	true	2
Defb10	true	true	2
Defb11	true	true	2
Defb2	true	true	2
Defb33	true	true	2
Defb37	true	true	2
Defb38	true	true	2
Defb39	true	true	2
Defb40	true	true	2
Defb45	true	true	2
Defb46	true	true	2
Defb50	true	true	2
Defb9	true	true	2
Dmrtc1c1	true	true	2
Dmrtc1c2	true	true	2
Dppa1	true	true	2
Duxf3	true	true	2
E030018B13Rik	true	true	2
E030025P04Rik	true	true	2
E030030I06Rik	true	true	2
E130114P18Rik	true	true	2
E130116L18Rik	true	true	2
E130208F15Rik	true	true	2
E130218I03Rik	true	true	2
E230025N22Rik	true	true	2
Efcab15	true	true	2
Eif1ad10	true	true	2
Eif1ad11	true	true	2
Eif1ad12	true	true	2
Eif1ad14	true	true	2
Eif1ad15	true	true	2
Eif1ad16	true	true	2
Eif1ad17	true	true	2
Eif1ad18	true	true	2
Elobl	true	true	2
Erv3	true	true	2
Esp1	true	true	2
Esp15	true	true	2
Esp16	true	true	2
Esp18	true	true	2
Esp22	true	true	2
Esp23	true	true	2
Esp24	true	true	2
Esp3	true	true	2
Esp31	true	true	2
Esp34	true	true	2
Esp36	true	true	2
Esp38	true	true	2
Esp4	true	true	2
Esp5	true	true	2
Esp6	true	true	2
Esp8	true	true	2
F830016B08Rik	true	true	2
Fbxw17	true	true	2
Fcor	true	true	2
Fmo9	true	true	2
Fnd3c2	true	true	2
Fndc3c1	true	true	2
Fsip2l	true	true	2
Ftdc1	true	true	2
Ftdc2	true	true	2
Fthl17c	true	true	2
Fthl17d	true	true	2
Fv1	true	true	2
G430095P16Rik	true	true	2
Glrp1	true	true	2
Gm10033	true	true	2
Gm10061	true	true	2
Gm10128	true	true	2
Gm10130	true	true	2
Gm10135	true	true	2
Gm10139	true	true	2
Gm10160	true	true	2
Gm10181	true	true	2
Gm10188	true	true	2
Gm10190	true	true	2
Gm10197	true	true	2
Gm10198	true	true	2
Gm10203	true	true	2
Gm10217	true	true	2
Gm10220	true	true	2
Gm10226	true	true	2
Gm10228	true	true	2
Gm10234	true	true	2
Gm10251	true	true	2
Gm10267	true	true	2
Gm10271	true	true	2
Gm10277	true	true	2
Gm10282	true	true	2
Gm10283	true	true	2
Gm10302	true	true	2
Gm10309	true	true	2
Gm10310	true	true	2
Gm10337	true	true	2
Gm10338	true	true	2
Gm10340	true	true	2
Gm10354	true	true	2
Gm10375	true	true	2
Gm10376	true	true	2
Gm10377	true	true	2
Gm10378	true	true	2
Gm10401	true	true	2
Gm10406	true	true	2
Gm10408	true	true	2
Gm10409	true	true	2
Gm10413	true	true	2
Gm10428	true	true	2
Gm10439	true	true	2
Gm10471	true	true	2
Gm10490	true	true	2
Gm10491	true	true	2
Gm10521	true	true	2
Gm10563	true	true	2
Gm10643	true	true	2
Gm10662	true	true	2
Gm10663	true	true	2
Gm10665	true	true	2
Gm10668	true	true	2
Gm10670	true	true	2
Gm10715	true	true	2
Gm10717	true	true	2
Gm10718	true	true	2
Gm10719	true	true	2
Gm10720	true	true	2
Gm10721	true	true	2
Gm10722	true	true	2
Gm10770	true	true	2
Gm10772	true	true	2
Gm10775	true	true	2
Gm10799	true	true	2
Gm10800	true	true	2
Gm10801	true	true	2
Gm10944	true	true	2
Gm10945	true	true	2
Gm10959	true	true	2
Gm10961	true	true	2
Gm10964	true	true	2
Gm10974	true	true	2
Gm10985	true	true	2
Gm10999	true	true	2
Gm11007	true	true	2
Gm11009	true	true	2
Gm11011	true	true	2
Gm11020	true	true	2
Gm11027	true	true	2
Gm11032	true	true	2
Gm11034	true	true	2
Gm11037	true	true	2
Gm11042	true	true	2
Gm11060	true	true	2
Gm11077	true	true	2
Gm11084	true	true	2
Gm11096	true	true	2
Gm11099	true	true	2
Gm1110	true	true	2
Gm11111	true	true	2
Gm11114	true	true	2
Gm11115	true	true	2
Gm11116	true	true	2
Gm11146	true	true	2
Gm11168	true	true	2
Gm11172	true	true	2
Gm11232	true	true	2
Gm1140	true	true	2
Gm1141	true	true	2
Gm11444	true	true	2
Gm11541	true	true	2
Gm11565	true	true	2
Gm11567	true	true	2
Gm11627	true	true	2
Gm11733	true	true	2
Gm11937	true	true	2
Gm11938	true	true	2
Gm11939	true	true	2
Gm12185	true	true	2
Gm12216	true	true	2
Gm12253	true	true	2
Gm12258	true	true	2
Gm12353	true	true	2
Gm12689	true	true	2
Gm12830	true	true	2
Gm12845	true	true	2
Gm12886	true	true	2
Gm12887	true	true	2
Gm12888	true	true	2
Gm13030	true	true	2
Gm13090	true	true	2
Gm13199	true	true	2
Gm13272	true	true	2
Gm13277	true	true	2
Gm13278	true	true	2
Gm13279	true	true	2
Gm13285	true	true	2
Gm13288	true	true	2
Gm13289	true	true	2
Gm13290	true	true	2
Gm1330	true	true	2
Gm13398	true	true	2
Gm13539	true	true	2
Gm13941	true	true	2
Gm14139	true	true	2
Gm14147	true	true	2
Gm14151	true	true	2
Gm14180	true	true	2
Gm14190	true	true	2
Gm14288	true	true	2
Gm14295	true	true	2
Gm14296	true	true	2
Gm14308	true	true	2
Gm14326	true	true	2
Gm14327	true	true	2
Gm14393	true	true	2
Gm14399	true	true	2
Gm14401	true	true	2
Gm14403	true	true	2
Gm14406	true	true	2
Gm14408	true	true	2
Gm14409	true	true	2
Gm14410	true	true	2
Gm14412	true	true	2
Gm14418	true	true	2
Gm14419	true	true	2
Gm14434	true	true	2
Gm14440	true	true	2
Gm14443	true	true	2
Gm14444	true	true	2
Gm14496	true	true	2
Gm14692	true	true	2
Gm14743	true	true	2
Gm14744	true	true	2
Gm14862	true	true	2
Gm15023	true	true	2
Gm15056	true	true	2
Gm15080	true	true	2
Gm15085	true	true	2
Gm15091	true	true	2
Gm15093	true	true	2
Gm15097	true	true	2
Gm15107	true	true	2
Gm15114	true	true	2
Gm15127	true	true	2
Gm15128	true	true	2
Gm15130	true	true	2
Gm15155	true	true	2
Gm15217	true	true	2
Gm1527	true	true	2
Gm15433	true	true	2
Gm15446	true	true	2
Gm15517	true	true	2
Gm1553	true	true	2
Gm15557	true	true	2
Gm15737	true	true	2
Gm1604b	true	true	2
Gm16181	true	true	2
Gm16223	true	true	2
Gm16253	true	true	2
Gm16286	true	true	2
Gm16434	true	true	2
Gm16440	true	true	2
Gm16451	true	true	2
Gm16506	true	true	2
Gm17019	true	true	2
Gm17026	true	true	2
Gm17027	true	true	2
Gm17067	true	true	2
Gm17078	true	true	2
Gm17079	true	true	2
Gm17093	true	true	2
Gm17124	true	true	2
Gm17174	true	true	2
Gm17175	true	true	2
Gm17268	true	true	2
Gm17304	true	true	2
Gm17332	true	true	2
Gm17349	true	true	2
Gm17364	true	true	2
Gm17374	true	true	2
Gm17387	true	true	2
Gm17402	true	true	2
Gm17428	true	true	2
Gm17482	true	true	2
Gm17490	true	true	2
Gm17535	true	true	2
Gm17542	true	true	2
Gm17545	true	true	2
Gm17555	true	true	2
Gm17571	true	true	2
Gm17581	true	true	2
Gm17604	true	true	2
Gm17606	true	true	2
Gm17617	true	true	2
Gm17622	true	true	2
Gm17631	true	true	2
Gm17651	true	true	2
Gm17654	true	true	2
Gm17655	true	true	2
Gm17657	true	true	2
Gm17660	true	true	2
Gm17662	true	true	2
Gm17720	true	true	2
Gm17728	true	true	2
Gm17783	true	true	2
Gm17949	true	true	2
Gm19345	true	true	2
Gm19410	true	true	2
Gm19426	true	true	2
Gm19684	true	true	2
Gm1979	true	true	2
Gm19935	true	true	2
Gm19965	true	true	2
Gm2004	true	true	2
Gm2007	true	true	2
Gm20075	true	true	2
Gm2026	true	true	2
Gm20379	true	true	2
Gm20403	true	true	2
Gm20441	true	true	2
Gm20449	true	true	2
Gm20479	true	true	2
Gm20481	true	true	2
Gm20532	true	true	2
Gm20537	true	true	2
Gm20538	true	true	2
Gm20661	true	true	2
Gm20662	true	true	2
Gm20696	true	true	2
Gm20708	true	true	2
Gm20721	true	true	2
Gm20737	true	true	2
Gm20738	true	true	2
Gm20747	true	true	2
Gm20765	true	true	2
Gm20767	true	true	2
Gm20772	true	true	2
Gm20773	true	true	2
Gm20777	true	true	2
Gm20795	true	true	2
Gm20806	true	true	2
Gm20807	true	true	2
Gm20809	true	true	2
Gm20812	true	true	2
Gm20815	true	true	2
Gm20816	true	true	2
Gm20821	true	true	2
Gm20822	true	true	2
Gm20823	true	true	2
Gm20825	true	true	2
Gm20826	true	true	2
Gm20828	true	true	2
Gm20830	true	true	2
Gm20831	true	true	2
Gm20834	true	true	2
Gm20852	true	true	2
Gm20854	true	true	2
Gm20865	true	true	2
Gm20867	true	true	2
Gm20873	true	true	2
Gm20877	true	true	2
Gm20878	true	true	2
Gm20909	true	true	2
Gm20914	true	true	2
Gm20917	true	true	2
Gm20918	true	true	2
Gm20924	true	true	2
Gm21028	true	true	2
Gm21060	true	true	2
Gm21083	true	true	2
Gm21103	true	true	2
Gm21118	true	true	2
Gm21149	true	true	2
Gm21188	true	true	2
Gm21190	true	true	2
Gm21244	true	true	2
Gm21292	true	true	2
Gm21293	true	true	2
Gm21304	true	true	2
Gm21310	true	true	2
Gm21312	true	true	2
Gm21394	true	true	2
Gm21425	true	true	2
Gm21440	true	true	2
Gm21454	true	true	2
Gm21560	true	true	2
Gm21586	true	true	2
Gm21637	true	true	2
Gm21663	true	true	2
Gm21671	true	true	2
Gm21680	true	true	2
Gm21698	true	true	2
Gm21719	true	true	2
Gm21721	true	true	2
Gm21725	true	true	2
Gm21731	true	true	2
Gm2174	true	true	2
Gm21748	true	true	2
Gm21750	true	true	2
Gm21761	true	true	2
Gm21762	true	true	2
Gm21764	true	true	2
Gm21767	true	true	2
Gm21773	true	true	2
Gm21776	true	true	2
Gm21778	true	true	2
Gm21797	true	true	2
Gm21798	true	true	2
Gm21800	true	true	2
Gm21812	true	true	2
Gm21818	true	true	2
Gm21820	true	true	2
Gm21822	true	true	2
Gm21828	true	true	2
Gm21830	true	true	2
Gm21833	true	true	2
Gm21834	true	true	2
Gm21836	true	true	2
Gm21854	true	true	2
Gm21863	true	true	2
Gm21866	true	true	2
Gm21874	true	true	2
Gm21882	true	true	2
Gm21886	true	true	2
Gm21891	true	true	2
Gm21897	true	true	2
Gm21903	true	true	2
Gm21904	true	true	2
Gm21905	true	true	2
Gm21913	true	true	2
Gm21915	true	true	2
Gm21921	true	true	2
Gm21943	true	true	2
Gm21953	true	true	2
Gm21954	true	true	2
Gm21958	true	true	2
Gm21961	true	true	2
Gm21962	true	true	2
Gm21972	true	true	2
Gm21976	true	true	2
Gm21977	true	true	2
Gm21994	true	true	2
Gm2237	true	true	2
Gm2244	true	true	2
Gm2381	true	true	2
Gm26566	true	true	2
Gm266	true	true	2
Gm26602	true	true	2
Gm26620	true	true	2
Gm2663	true	true	2
Gm26657	true	true	2
Gm26741	true	true	2
Gm26897	true	true	2
Gm26992	true	true	2
Gm27027	true	true	2
Gm27235	true	true	2
Gm28036	true	true	2
Gm28038	true	true	2
Gm28047	true	true	2
Gm28053	true	true	2
Gm28079	true	true	2
Gm281	true	true	2
Gm28171	true	true	2
Gm28269	true	true	2
Gm28305	true	true	2
Gm28308	true	true	2
Gm2832	true	true	2
Gm28363	true	true	2
Gm28372	true	true	2
Gm28374	true	true	2
Gm28434	true	true	2
Gm28557	true	true	2
Gm28710	true	true	2
Gm28729	true	true	2
Gm2888	true	true	2
Gm2897	true	true	2
Gm29049	true	true	2
Gm29106	true	true	2
Gm29133	true	true	2
Gm2916	true	true	2
Gm29423	true	true	2
Gm29427	true	true	2
Gm2956	true	true	2
Gm29644	true	true	2
Gm29666	true	true	2
Gm29695	true	true	2
Gm2974	true	true	2
Gm3002	true	true	2
Gm3005	true	true	2
Gm3012	true	true	2
Gm3015	true	true	2
Gm3020	true	true	2
Gm3029	true	true	2
Gm3043	true	true	2
Gm3047	true	true	2
Gm3055	true	true	2
Gm3072	true	true	2
Gm3095	true	true	2
Gm3099	true	true	2
Gm3115	true	true	2
Gm31160	true	true	2
Gm3127	true	true	2
Gm3138	true	true	2
Gm3149	true	true	2
Gm3159	true	true	2
Gm3164	true	true	2
Gm3173	true	true	2
Gm3182	true	true	2
Gm3194	true	true	2
Gm3239	true	true	2
Gm3248	true	true	2
Gm3252	true	true	2
Gm3264	true	true	2
Gm3269	true	true	2
Gm32742	true	true	2
Gm3278	true	true	2
Gm3298	true	true	2
Gm3317	true	true	2
Gm3327	true	true	2
Gm3336	true	true	2
Gm33543	true	true	2
Gm3371	true	true	2
Gm3373	true	true	2
Gm33815	true	true	2
Gm3383	true	true	2
Gm33933	true	true	2
Gm3402	true	true	2
Gm3404	true	true	2
Gm3409	true	true	2
Gm3411	true	true	2
Gm3415	true	true	2
Gm3424	true	true	2
Gm3453	true	true	2
Gm3460	true	true	2
Gm3468	true	true	2
Gm3476	true	true	2
Gm3486	true	true	2
Gm3488	true	true	2
Gm3500	true	true	2
Gm3512	true	true	2
Gm3526	true	true	2
Gm35315	true	true	2
Gm3542	true	true	2
Gm3543	true	true	2
Gm3558	true	true	2
Gm3573	true	true	2
Gm3594	true	true	2
Gm36245	true	true	2
Gm3633	true	true	2
Gm3636	true	true	2
Gm36368	true	true	2
Gm3642	true	true	2
Gm3646	true	true	2
Gm3667	true	true	2
Gm3676	true	true	2
Gm3685	true	true	2
Gm36864	true	true	2
Gm3696	true	true	2
Gm3727	true	true	2
Gm3739	true	true	2
Gm37419	true	true	2
Gm3752	true	true	2
Gm3755	true	true	2
Gm3776	true	true	2
Gm37988	true	true	2
Gm38119	true	true	2
Gm38303	true	true	2
Gm3880	true	true	2
Gm3893	true	true	2
Gm3952	true	true	2
Gm4181	true	true	2
Gm42791	true	true	2
Gm42906	true	true	2
Gm43191	true	true	2
Gm43517	true	true	2
Gm43518	true	true	2
Gm43552	true	true	2
Gm43738	true	true	2
Gm43951	true	true	2
Gm44501	true	true	2
Gm44790	true	true	2
Gm4491	true	true	2
Gm44965	true	true	2
Gm45021	true	true	2
Gm4513	true	true	2
Gm45140	true	true	2
Gm45194	true	true	2
Gm45208	true	true	2
Gm45213	true	true	2
Gm45521	true	true	2
Gm4565	true	true	2
Gm4567	true	true	2
Gm45713	true	true	2
Gm45717	true	true	2
Gm45783	true	true	2
Gm45826	true	true	2
Gm45844	true	true	2
Gm45861	true	true	2
Gm45871	true	true	2
Gm45902	true	true	2
Gm4631	true	true	2
Gm47189	true	true	2
Gm4724	true	true	2
Gm47429	true	true	2
Gm4756	true	true	2
Gm4767	true	true	2
Gm47791	true	true	2
Gm4787	true	true	2
Gm4791	true	true	2
Gm4792	true	true	2
Gm47955	true	true	2
Gm47959	true	true	2
Gm47969	true	true	2
Gm47985	true	true	2
Gm47995	true	true	2
Gm47996	true	true	2
Gm4841	true	true	2
Gm4846	true	true	2
Gm4847	true	true	2
Gm48551	true	true	2
Gm48552	true	true	2
Gm4871	true	true	2
Gm4894	true	true	2
Gm49027	true	true	2
Gm4922	true	true	2
Gm4924	true	true	2
Gm49318	true	true	2
Gm49325	true	true	2
Gm49339	true	true	2
Gm49352	true	true	2
Gm49353	true	true	2
Gm49356	true	true	2
Gm49359	true	true	2
Gm49383	true	true	2
Gm49388	true	true	2
Gm49391	true	true	2
Gm49392	true	true	2
Gm49393	true	true	2
Gm49394	true	true	2
Gm49395	true	true	2
Gm49398	true	true	2
Gm49405	true	true	2
Gm49450	true	true	2
Gm4951	true	true	2
Gm4952	true	true	2
Gm49527	true	true	2
Gm49711	true	true	2
Gm4981	true	true	2
Gm49835	true	true	2
Gm49909	true	true	2
Gm49948	true	true	2
Gm50457	true	true	2
Gm50461	true	true	2
Gm5105	true	true	2
Gm5108	true	true	2
Gm5127	true	true	2
Gm5128	true	true	2
Gm5134	true	true	2
Gm5141	true	true	2
Gm5142	true	true	2
Gm5148	true	true	2
Gm5152	true	true	2
Gm5157	true	true	2
Gm52955	true	true	2
Gm53046	true	true	2
Gm5431	true	true	2
Gm5458	true	true	2
Gm5460	true	true	2
Gm5475	true	true	2
Gm550	true	true	2
Gm5565	true	true	2
Gm5622	true	true	2
Gm5624	true	true	2
Gm5795	true	true	2
Gm5796	true	true	2
Gm5797	true	true	2
Gm5798	true	true	2
Gm5799	true	true	2
Gm5800	true	true	2
Gm5861	true	true	2
Gm5862	true	true	2
Gm5890	true	true	2
Gm5891	true	true	2
Gm5916	true	true	2
Gm5930	true	true	2
Gm5938	true	true	2
Gm5941	true	true	2
Gm6020	true	true	2
Gm6034	true	true	2
Gm6040	true	true	2
Gm609	true	true	2
Gm6133	true	true	2
Gm6176	true	true	2
Gm6217	true	true	2
Gm6268	true	true	2
Gm6309	true	true	2
Gm6337	true	true	2
Gm6356	true	true	2
Gm6358	true	true	2
Gm6370	true	true	2
Gm6377	true	true	2
Gm6401	true	true	2
Gm6408	true	true	2
Gm6460	true	true	2
Gm6465	true	true	2
Gm6482	true	true	2
Gm6526	true	true	2
Gm6569	true	true	2
Gm6619	true	true	2
Gm6676	true	true	2
Gm6760	true	true	2
Gm6763	true	true	2
Gm6812	true	true	2
Gm6871	true	true	2
Gm6882	true	true	2
Gm6902	true	true	2
Gm6993	true	true	2
Gm715	true	true	2
Gm7168	true	true	2
Gm7233	true	true	2
Gm7247	true	true	2
Gm7347	true	true	2
Gm7356	true	true	2
Gm7358	true	true	2
Gm7361	true	true	2
Gm7489	true	true	2
Gm7544	true	true	2
Gm7582	true	true	2
Gm7592	true	true	2
Gm7609	true	true	2
Gm7876	true	true	2
Gm7903	true	true	2
Gm7929	true	true	2
Gm7945	true	true	2
Gm7951	true	true	2
Gm7954	true	true	2
Gm7970	true	true	2
Gm7980	true	true	2
Gm7995	true	true	2
Gm8005	true	true	2
Gm8011	true	true	2
Gm8020	true	true	2
Gm8024	true	true	2
Gm8050	true	true	2
Gm8068	true	true	2
Gm8082	true	true	2
Gm8094	true	true	2
Gm8104	true	true	2
Gm8108	true	true	2
Gm8113	true	true	2
Gm8122	true	true	2
Gm8126	true	true	2
Gm8127	true	true	2
Gm8138	true	true	2
Gm815	true	true	2
Gm8159	true	true	2
Gm8165	true	true	2
Gm8180	true	true	2
Gm8206	true	true	2
Gm8212	true	true	2
Gm8220	true	true	2
Gm8229	true	true	2
Gm8232	true	true	2
Gm8237	true	true	2
Gm8246	true	true	2
Gm8247	true	true	2
Gm8257	true	true	2
Gm826	true	true	2
Gm8265	true	true	2
Gm8267	true	true	2
Gm8271	true	true	2
Gm8279	true	true	2
Gm8281	true	true	2
Gm8297	true	true	2
Gm8334	true	true	2
Gm8356	true	true	2
Gm8362	true	true	2
Gm8369	true	true	2
Gm8374	true	true	2
Gm8439	true	true	2
Gm8764	true	true	2
Gm8797	true	true	2
Gm8857	true	true	2
Gm8871	true	true	2
Gm8879	true	true	2
Gm8890	true	true	2
Gm8897	true	true	2
Gm8906	true	true	2
Gm8922	true	true	2
Gm8926	true	true	2
Gm8947	true	true	2
Gm8978	true	true	2
Gm9	true	true	2
Gm904	true	true	2
Gm9195	true	true	2
Gm9376	true	true	2
Gm9602	true	true	2
Gm9603	true	true	2
Gm9611	true	true	2
Gm9732	true	true	2
Gm9747	true	true	2
Gm9758	true	true	2
Gm9789	true	true	2
Gm9903	true	true	2
Gm9918	true	true	2
Gm9925	true	true	2
Gm9955	true	true	2
Gm9999	true	true	2
Gstp3	true	true	2
Gstt1	true	true	2
Gstt3	true	true	2
Gtsf2	true	true	2
Gucy2d	true	true	2
Gvin1	true	true	2
H2ac11	true	true	2
H2ac23	true	true	2
H2ac24	true	true	2
H2ac4	true	true	2
H2ac8	true	true	2
H2al1n	true	true	2
H2al3	true	true	2
H2bc11	true	true	2
H2bc15	true	true	2
H2bc24	true	true	2
H2bc4	true	true	2
H2bc7	true	true	2
H2bl1	true	true	2
H3c10	true	true	2
H3c6	true	true	2
H4c11	true	true	2
H4c14	true	true	2
H4c18	true	true	2
H4c2	true	true	2
H4c3	true	true	2
H4c6	true	true	2
H4c8	true	true	2
H4c9	true	true	2
H60b	true	true	2
Hbb-bs	true	true	2
Hsf3	true	true	2
Hspe1-rs1	true	true	2
Htr5b	true	true	2
I0C0044D17Rik	true	true	2
Ifi208	true	true	2
Ifi213	true	true	2
Ifi214	true	true	2
Ifi47	true	true	2
Ifitm6	true	true	2
Iigp1	true	true	2
Iqcf4	true	true	2
Kap	true	true	2
Kif19b	true	true	2
Klra1	true	true	2
Klra10	true	true	2
Klra17	true	true	2
Klra2	true	true	2
Klra3	true	true	2
Klra4	true	true	2
Klra5	true	true	2
Klra6	true	true	2
Klra7	true	true	2
Klra8	true	true	2
Klra9	true	true	2
Krt42	true	true	2
Krtap14	true	true	2
Krtap19-1	true	true	2
Krtap19-9b	true	true	2
Krtap21-1	true	true	2
Krtap22-2	true	true	2
Krtap28-10	true	true	2
Krtap28-13	true	true	2
Krtap31-1	true	true	2
Krtap31-2	true	true	2
Krtap5-3	true	true	2
Krtap6-1	true	true	2
Krtap6-2	true	true	2
Krtap6-3	true	true	2
Lamtor3-ps	true	true	2
Lao1	true	true	2
Lce1a1	true	true	2
Lce1a2	true	true	2
Lce1b	true	true	2
Lce1c	true	true	2
Lce1d	true	true	2
Lce1h	true	true	2
Lce1i	true	true	2
Lce1j	true	true	2
Lce1k	true	true	2
Lce1l	true	true	2
Lce1m	true	true	2
Lcn11	true	true	2
Lcn5	true	true	2
Lilr4b	true	true	2
Lipo1	true	true	2
Lipo2	true	true	2
Lipo3	true	true	2
Lipo4	true	true	2
Luzp4	true	true	2
Ly6g	true	true	2
Ly6g2	true	true	2
Ly6g6g	true	true	2
Ly6m	true	true	2
Lypd11	true	true	2
Lypd8l	true	true	2
Mageb11	true	true	2
Magec2	true	true	2
Mcpt1	true	true	2
Mcpt2	true	true	2
Mcpt4	true	true	2
Mcpt8	true	true	2
Mcpt9	true	true	2
Mgat4f	true	true	2
Mill1	true	true	2
Mptx2	true	true	2
Mrgprh	true	true	2
Ms4a19	true	true	2
Ms4a20	true	true	2
Msx3	true	true	2
Mucl1	true	true	2
Mup1	true	true	2
Mup10	true	true	2
Mup11	true	true	2
Mup12	true	true	2
Mup14	true	true	2
Mup15	true	true	2
Mup16	true	true	2
Mup17	true	true	2
Mup18	true	true	2
Mup19	true	true	2
Mup2	true	true	2
Mup20	true	true	2
Mup21	true	true	2
Mup22	true	true	2
Mup3	true	true	2
Mup4	true	true	2
Mup5	true	true	2
Mup6	true	true	2
Mup7	true	true	2
Mup8	true	true	2
Mup9	true	true	2
Ngp	true	true	2
Nt5el	true	true	2
Obox1	true	true	2
Obox2	true	true	2
Obox3	true	true	2
Obox5	true	true	2
Obox6	true	true	2
Obox7	true	true	2
Obox8	true	true	2
Obp1a	true	true	2
Obp1b	true	true	2
Olfr1002	true	true	2
Olfr1009	true	true	2
Olfr1012	true	true	2
Olfr1014	true	true	2
Olfr1018	true	true	2
Olfr1024	true	true	2
Olfr1025-ps1	true	true	2
Olfr1026	true	true	2
Olfr1030	true	true	2
Olfr1037	true	true	2
Olfr104-ps	true	true	2
Olfr1043	true	true	2
Olfr1044	true	true	2
Olfr105-ps	true	true	2
Olfr1055	true	true	2
Olfr1056	true	true	2
Olfr106-ps	true	true	2
Olfr107	true	true	2
Olfr108	true	true	2
Olfr1105	true	true	2
Olfr1106	true	true	2
Olfr1107	true	true	2
Olfr1109	true	true	2
Olfr1110	true	true	2
Olfr1112	true	true	2
Olfr1113	true	true	2
Olfr1115	true	true	2
Olfr112	true	true	2
Olfr1120	true	true	2
Olfr1121	true	true	2
Olfr1124	true	true	2
Olfr1126	true	true	2
Olfr1128	true	true	2
Olfr1129	true	true	2
Olfr113	true	true	2
Olfr1130	true	true	2
Olfr1133	true	true	2
Olfr1134	true	true	2
Olfr114	true	true	2
Olfr1145	true	true	2
Olfr1148	true	true	2
Olfr115	true	true	2
Olfr1150-ps1	true	true	2
Olfr1154	true	true	2
Olfr1158	true	true	2
Olfr116	true	true	2
Olfr1160	true	true	2
Olfr1164	true	true	2
Olfr1166	true	true	2
Olfr1167	true	true	2
Olfr1168	true	true	2
Olfr117	true	true	2
Olfr1170	true	true	2
Olfr1176	true	true	2
Olfr1177-ps	true	true	2
Olfr1178	true	true	2
Olfr1179	true	true	2
Olfr118	true	true	2
Olfr1181	true	true	2
Olfr1182	true	true	2
Olfr1183	true	true	2
Olfr1184	true	true	2
Olfr1185-ps1	true	true	2
Olfr1186	true	true	2
Olfr1188	true	true	2
Olfr119	true	true	2
Olfr1196	true	true	2
Olfr1197	true	true	2
Olfr1198	true	true	2
Olfr12	true	true	2
Olfr120	true	true	2
Olfr1200	true	true	2
Olfr1208	true	true	2
Olfr121	true	true	2
Olfr122	true	true	2
Olfr123	true	true	2
Olfr1231	true	true	2
Olfr1233	true	true	2
Olfr1239	true	true	2
Olfr124	true	true	2
Olfr126	true	true	2
Olfr127	true	true	2
Olfr1275	true	true	2
Olfr1276	true	true	2
Olfr1277	true	true	2
Olfr1278	true	true	2
Olfr1279	true	true	2
Olfr128	true	true	2
Olfr1280	true	true	2
Olfr1281	true	true	2
Olfr1282	true	true	2
Olfr1283	true	true	2
Olfr1284	true	true	2
Olfr1286	true	true	2
Olfr1287	true	true	2
Olfr1288	true	true	2
Olfr129	true	true	2
Olfr1290	true	true	2
Olfr1294	true	true	2
Olfr1295	true	true	2
Olfr1297	true	true	2
Olfr1298	true	true	2
Olfr1299	true	true	2
Olfr130	true	true	2
Olfr1301	true	true	2
Olfr1302	true	true	2
Olfr1306	true	true	2
Olfr1307	true	true	2
Olfr1308	true	true	2
Olfr131	true	true	2
Olfr1311	true	true	2
Olfr1312	true	true	2
Olfr1313	true	true	2
Olfr1314	true	true	2
Olfr1315-ps1	true	true	2
Olfr1316	true	true	2
Olfr1317	true	true	2
Olfr1318	true	true	2
Olfr132	true	true	2
Olfr1320	true	true	2
Olfr1321	true	true	2
Olfr1322	true	true	2
Olfr1323	true	true	2
Olfr1324	true	true	2
Olfr1326-ps1	true	true	2
Olfr1328	true	true	2
Olfr1329	true	true	2
Olfr133	true	true	2
Olfr1330	true	true	2
Olfr1331	true	true	2
Olfr1333	true	true	2
Olfr1335	true	true	2
Olfr1336	true	true	2
Olfr1337	true	true	2
Olfr1338	true	true	2
Olfr1339	true	true	2
Olfr134	true	true	2
Olfr1340	true	true	2
Olfr1341	true	true	2
Olfr1342	true	true	2
Olfr1346	true	true	2
Olfr1347	true	true	2
Olfr1348	true	true	2
Olfr1349	true	true	2
Olfr135	true	true	2
Olfr1350	true	true	2
Olfr1355	true	true	2
Olfr1358	true	true	2
Olfr136	true	true	2
Olfr1362	true	true	2
Olfr1364	true	true	2
Olfr1367	true	true	2
Olfr1368	true	true	2
Olfr1370	true	true	2
Olfr1375	true	true	2
Olfr1377	true	true	2
Olfr1378	true	true	2
Olfr138	true	true	2
Olfr139	true	true	2
Olfr1394	true	true	2
Olfr1395	true	true	2
Olfr140	true	true	2
Olfr1402	true	true	2
Olfr1406	true	true	2
Olfr1408	true	true	2
Olfr1410	true	true	2
Olfr1411	true	true	2
Olfr1412	true	true	2
Olfr1413	true	true	2
Olfr1417	true	true	2
Olfr1418	true	true	2
Olfr1419	true	true	2
Olfr1427	true	true	2
Olfr143	true	true	2
Olfr1432	true	true	2
Olfr1440	true	true	2
Olfr1441	true	true	2
Olfr1449	true	true	2
Olfr1450	true	true	2
Olfr1471	true	true	2
Olfr1472	true	true	2
Olfr1474	true	true	2
Olfr1475	true	true	2
Olfr1477	true	true	2
Olfr148	true	true	2
Olfr1480	true	true	2
Olfr1484	true	true	2
Olfr1487	true	true	2
Olfr1489	true	true	2
Olfr149	true	true	2
Olfr150	true	true	2
Olfr1501	true	true	2
Olfr1504	true	true	2
Olfr1532-ps1	true	true	2
Olfr1535	true	true	2
Olfr154	true	true	2
Olfr1555-ps1	true	true	2
Olfr194	true	true	2
Olfr203	true	true	2
Olfr204	true	true	2
Olfr205	true	true	2
Olfr206	true	true	2
Olfr209	true	true	2
Olfr212	true	true	2
Olfr213	true	true	2
Olfr214	true	true	2
Olfr215	true	true	2
Olfr223	true	true	2
Olfr243	true	true	2
Olfr247	true	true	2
Olfr25	true	true	2
Olfr250	true	true	2
Olfr251	true	true	2
Olfr259	true	true	2
Olfr266	true	true	2
Olfr279	true	true	2
Olfr281	true	true	2
Olfr284	true	true	2
Olfr290	true	true	2
Olfr291	true	true	2
Olfr30	true	true	2
Olfr303	true	true	2
Olfr311	true	true	2
Olfr312	true	true	2
Olfr313	true	true	2
Olfr315	true	true	2
Olfr324	true	true	2
Olfr33	true	true	2
Olfr332	true	true	2
Olfr338	true	true	2
Olfr339	true	true	2
Olfr340	true	true	2
Olfr341	true	true	2
Olfr342	true	true	2
Olfr344	true	true	2
Olfr345	true	true	2
Olfr346	true	true	2
Olfr347	true	true	2
Olfr348	true	true	2
Olfr352	true	true	2
Olfr356	true	true	2
Olfr358	true	true	2
Olfr360	true	true	2
Olfr361	true	true	2
Olfr364-ps1	true	true	2
Olfr366	true	true	2
Olfr371	true	true	2
Olfr374	true	true	2
Olfr397	true	true	2
Olfr399	true	true	2
Olfr411	true	true	2
Olfr427	true	true	2
Olfr432	true	true	2
Olfr433	true	true	2
Olfr45	true	true	2
Olfr450	true	true	2
Olfr456	true	true	2
Olfr457	true	true	2
Olfr458	true	true	2
Olfr46	true	true	2
Olfr467	true	true	2
Olfr472	true	true	2
Olfr473	true	true	2
Olfr474	true	true	2
Olfr476	true	true	2
Olfr477	true	true	2
Olfr479	true	true	2
Olfr48	true	true	2
Olfr481	true	true	2
Olfr49	true	true	2
Olfr491	true	true	2
Olfr5	true	true	2
Olfr50	true	true	2
Olfr509	true	true	2
Olfr51	true	true	2
Olfr513	true	true	2
Olfr522	true	true	2
Olfr523	true	true	2
Olfr524	true	true	2
Olfr525	true	true	2
Olfr527	true	true	2
Olfr53	true	true	2
Olfr530	true	true	2
Olfr531	true	true	2
Olfr532	true	true	2
Olfr533	true	true	2
Olfr535	true	true	2
Olfr536	true	true	2
Olfr538	true	true	2
Olfr539	true	true	2
Olfr54	true	true	2
Olfr541	true	true	2
Olfr543	true	true	2
Olfr544	true	true	2
Olfr545	true	true	2
Olfr548-ps1	true	true	2
Olfr549	true	true	2
Olfr550	true	true	2
Olfr551	true	true	2
Olfr553	true	true	2
Olfr559	true	true	2
Olfr561	true	true	2
Olfr564	true	true	2
Olfr570	true	true	2
Olfr572	true	true	2
Olfr573-ps1	true	true	2
Olfr575	true	true	2
Olfr58	true	true	2
Olfr586	true	true	2
Olfr588-ps1	true	true	2
Olfr591	true	true	2
Olfr593	true	true	2
Olfr594	true	true	2
Olfr596	true	true	2
Olfr597	true	true	2
Olfr598	true	true	2
Olfr599	true	true	2
Olfr6	true	true	2
Olfr60	true	true	2
Olfr600	true	true	2
Olfr601	true	true	2
Olfr603	true	true	2
Olfr605	true	true	2
Olfr606	true	true	2
Olfr607	true	true	2
Olfr608	true	true	2
Olfr609	true	true	2
Olfr61	true	true	2
Olfr610	true	true	2
Olfr611	true	true	2
Olfr612	true	true	2
Olfr613	true	true	2
Olfr615	true	true	2
Olfr616	true	true	2
Olfr617	true	true	2
Olfr618	true	true	2
Olfr619	true	true	2
Olfr62	true	true	2
Olfr622	true	true	2
Olfr625-ps1	true	true	2
Olfr628	true	true	2
Olfr629	true	true	2
Olfr630	true	true	2
Olfr632	true	true	2
Olfr639	true	true	2
Olfr642	true	true	2
Olfr643	true	true	2
Olfr644	true	true	2
Olfr645	true	true	2
Olfr649	true	true	2
Olfr651	true	true	2
Olfr652	true	true	2
Olfr653	true	true	2
Olfr654	true	true	2
Olfr655	true	true	2
Olfr659	true	true	2
Olfr665	true	true	2
Olfr670	true	true	2
Olfr672	true	true	2
Olfr676	true	true	2
Olfr680-ps1	true	true	2
Olfr686	true	true	2
Olfr690	true	true	2
Olfr70	true	true	2
Olfr702	true	true	2
Olfr707	true	true	2
Olfr709-ps1	true	true	2
Olfr710	true	true	2
Olfr711	true	true	2
Olfr718-ps1	true	true	2
Olfr731	true	true	2
Olfr736	true	true	2
Olfr740	true	true	2
Olfr761	true	true	2
Olfr763	true	true	2
Olfr764-ps1	true	true	2
Olfr765	true	true	2
Olfr766-ps1	true	true	2
Olfr768	true	true	2
Olfr769	true	true	2
Olfr770	true	true	2
Olfr771	true	true	2
Olfr772	true	true	2
Olfr773	true	true	2
Olfr774	true	true	2
Olfr775	true	true	2
Olfr776	true	true	2
Olfr777	true	true	2
Olfr781	true	true	2
Olfr784	true	true	2
Olfr785	true	true	2
Olfr787	true	true	2
Olfr789	true	true	2
Olfr792	true	true	2
Olfr794	true	true	2
Olfr798	true	true	2
Olfr799	true	true	2
Olfr800	true	true	2
Olfr801	true	true	2
Olfr803	true	true	2
Olfr805	true	true	2
Olfr806	true	true	2
Olfr807	true	true	2
Olfr810	true	true	2
Olfr811	true	true	2
Olfr812	true	true	2
Olfr816	true	true	2
Olfr818	true	true	2
Olfr819	true	true	2
Olfr820	true	true	2
Olfr822	true	true	2
Olfr823	true	true	2
Olfr824	true	true	2
Olfr827	true	true	2
Olfr857	true	true	2
Olfr859	true	true	2
Olfr860	true	true	2
Olfr862	true	true	2
Olfr870	true	true	2
Olfr871	true	true	2
Olfr877	true	true	2
Olfr881	true	true	2
Olfr883	true	true	2
Olfr884	true	true	2
Olfr885	true	true	2
Olfr887	true	true	2
Olfr888	true	true	2
Olfr889	true	true	2
Olfr890	true	true	2
Olfr891	true	true	2
Olfr893	true	true	2
Olfr894	true	true	2
Olfr895	true	true	2
Olfr896-ps1	true	true	2
Olfr898	true	true	2
Olfr9	true	true	2
Olfr901	true	true	2
Olfr902	true	true	2
Olfr904	true	true	2
Olfr905	true	true	2
Olfr906	true	true	2
Olfr907	true	true	2
Olfr910	true	true	2
Olfr911-ps1	true	true	2
Olfr912	true	true	2
Olfr913	true	true	2
Olfr914	true	true	2
Olfr916	true	true	2
Olfr917	true	true	2
Olfr919	true	true	2
Olfr920	true	true	2
Olfr921	true	true	2
Olfr922	true	true	2
Olfr923	true	true	2
Olfr934	true	true	2
Olfr938	true	true	2
Olfr944	true	true	2
Olfr952	true	true	2
Olfr955	true	true	2
Olfr957	true	true	2
Olfr959	true	true	2
Olfr965	true	true	2
Olfr967	true	true	2
Olfr968	true	true	2
Olfr969	true	true	2
Olfr97	true	true	2
Olfr970	true	true	2
Olfr972	true	true	2
Olfr974	true	true	2
Olfr975	true	true	2
Olfr976	true	true	2
Olfr98	true	true	2
Olfr983	true	true	2
Olfr987	true	true	2
Olfr988	true	true	2
Olfr99	true	true	2
Olfr992	true	true	2
Omt2a	true	true	2
Omt2b	true	true	2
Oosp3	true	true	2
Ott	true	true	2
P2ry10b	true	true	2
Pate10	true	true	2
Pate11	true	true	2
Pate12	true	true	2
Pate13	true	true	2
Pate14	true	true	2
Pate5	true	true	2
Pate6	true	true	2
Pate7	true	true	2
Pate8	true	true	2
Pate9	true	true	2
Pbsn	true	true	2
Pcdhb14	true	true	2
Pfn5	true	true	2
Pgr15l	true	true	2
Phxr2	true	true	2
Platr25	true	true	2
Pramel3	true	true	2
Pramex1	true	true	2
Prh1	true	true	2
Prl2c3	true	true	2
Prol1	true	true	2
Prp2	true	true	2
Prss28	true	true	2
Prss32	true	true	2
Prss34	true	true	2
Prss39	true	true	2
Pzp	true	true	2
Rbm31y	true	true	2
Rhox1	true	true	2
Rhox2b	true	true	2
Rhox2c	true	true	2
Rhox2e	true	true	2
Rhox2f	true	true	2
Rhox2g	true	true	2
Rhox2h	true	true	2
Rhox3a	true	true	2
Rhox3a2	true	true	2
Rhox3c	true	true	2
Rhox3e	true	true	2
Rhox3g	true	true	2
Rhox3h	true	true	2
Rhox4a	true	true	2
Rhox4a2	true	true	2
Rhox4d	true	true	2
Rhox5	true	true	2
Rhox6	true	true	2
Rhox7a	true	true	2
Rhox7b	true	true	2
Rhox8	true	true	2
Rhox9	true	true	2
Rpl10-ps3	true	true	2
Rpl36-ps4	true	true	2
Rpl36a-ps1	true	true	2
Rpl9-ps6	true	true	2
Rps18-ps5	true	true	2
Rps23rg1	true	true	2
Rtl10	true	true	2
S100a7l2	true	true	2
Samt1	true	true	2
Samt1b	true	true	2
Samt1c	true	true	2
Samt1d	true	true	2
Samt2	true	true	2
Samt2b	true	true	2
Samt3	true	true	2
Samt4	true	true	2
Scgb1b10	true	true	2
Scgb1b11	true	true	2
Scgb1b12	true	true	2
Scgb1b15	true	true	2
Scgb1b17	true	true	2
Scgb1b18	true	true	2
Scgb1b19	true	true	2
Scgb1b2	true	true	2
Scgb1b20	true	true	2
Scgb1b24	true	true	2
Scgb1b27	true	true	2
Scgb1b29	true	true	2
Scgb1b3	true	true	2
Scgb1b30	true	true	2
Scgb1b7	true	true	2
Scgb2b11	true	true	2
Scgb2b12	true	true	2
Scgb2b15	true	true	2
Scgb2b17	true	true	2
Scgb2b18	true	true	2
Scgb2b19	true	true	2
Scgb2b2	true	true	2
Scgb2b20	true	true	2
Scgb2b21	true	true	2
Scgb2b24	true	true	2
Scgb2b26	true	true	2
Scgb2b27	true	true	2
Scgb2b3	true	true	2
Scgb2b7	true	true	2
Serpina16	true	true	2
Skint10	true	true	2
Skint11	true	true	2
Skint2	true	true	2
Skint3	true	true	2
Skint4	true	true	2
Skint5	true	true	2
Skint6	true	true	2
Skint7	true	true	2
Skint8	true	true	2
Skint9	true	true	2
Slc22a22	true	true	2
Slc25a54	true	true	2
Slc47a2	true	true	2
Smgc	true	true	2
Smok2a	true	true	2
Smok2b	true	true	2
Smok3a	true	true	2
Smok3b	true	true	2
Smok3c	true	true	2
Smr2	true	true	2
Smr2l	true	true	2
Spag11a	true	true	2
Spdye4c	true	true	2
Speer1	true	true	2
Speer2	true	true	2
Speer3	true	true	2
Speer4a	true	true	2
Speer4b	true	true	2
Speer4c	true	true	2
Speer4d	true	true	2
Speer4e	true	true	2
Speer4f1	true	true	2
Speer4f2	true	true	2
Spertl	true	true	2
Spin2e	true	true	2
Spin2f	true	true	2
Spin2g	true	true	2
Spink12	true	true	2
Sprr2a1	true	true	2
Sprr2a2	true	true	2
Sprr2a3	true	true	2
Sprr2b	true	true	2
Sprr2e	true	true	2
Sprr2f	true	true	2
Sprr2h	true	true	2
Sprr2i	true	true	2
Sprr2j-ps	true	true	2
Sprr2k	true	true	2
Srsy	true	true	2
Ssty1	true	true	2
Ssty2	true	true	2
Sult3a1	true	true	2
Sult3a2	true	true	2
Sva	true	true	2
Sval1	true	true	2
Sval2	true	true	2
Sval3	true	true	2
Svs4	true	true	2
Svs5	true	true	2
Svs6	true	true	2
T2	true	true	2
Taar7a	true	true	2
Taar7b	true	true	2
Taar7d	true	true	2
Taar7e	true	true	2
Taar7f	true	true	2
Tas2r122	true	true	2
Tas2r134	true	true	2
Tas2r143	true	true	2
Tcstv1	true	true	2
Tcstv3	true	true	2
Tcte2	true	true	2
Teddm3	true	true	2
Tescl	true	true	2
Tex13c3	true	true	2
Tex24	true	true	2
Tgtp1	true	true	2
Tgtp2	true	true	2
Tlr11	true	true	2
Tlr13	true	true	2
Tm9sf5	true	true	2
Tmdd1	true	true	2
Tmsb15b2	true	true	2
Tpbpa	true	true	2
Tpbpb	true	true	2
Tpm3-rs7	true	true	2
Trap1a	true	true	2
Trcg1	true	true	2
Trem3	true	true	2
Trhr2	true	true	2
Tsga8	true	true	2
Tsx	true	true	2
Tuba3a	true	true	2
Uba1y	true	true	2
Ubqln5	true	true	2
V1rd19	true	true	2
Vmn1r10	true	true	2
Vmn1r100	true	true	2
Vmn1r101	true	true	2
Vmn1r103	true	true	2
Vmn1r104	true	true	2
Vmn1r107	true	true	2
Vmn1r11	true	true	2
Vmn1r111	true	true	2
Vmn1r112	true	true	2
Vmn1r113	true	true	2
Vmn1r114	true	true	2
Vmn1r115	true	true	2
Vmn1r116	true	true	2
Vmn1r117	true	true	2
Vmn1r118	true	true	2
Vmn1r119	true	true	2
Vmn1r12	true	true	2
Vmn1r120	true	true	2
Vmn1r121	true	true	2
Vmn1r122	true	true	2
Vmn1r123	true	true	2
Vmn1r124	true	true	2
Vmn1r125	true	true	2
Vmn1r126	true	true	2
Vmn1r127	true	true	2
Vmn1r128	true	true	2
Vmn1r129	true	true	2
Vmn1r13	true	true	2
Vmn1r130	true	true	2
Vmn1r131	true	true	2
Vmn1r132	true	true	2
Vmn1r135	true	true	2
Vmn1r137	true	true	2
Vmn1r138	true	true	2
Vmn1r139	true	true	2
Vmn1r14	true	true	2
Vmn1r142	true	true	2
Vmn1r143	true	true	2
Vmn1r148	true	true	2
Vmn1r149	true	true	2
Vmn1r15	true	true	2
Vmn1r151	true	true	2
Vmn1r152	true	true	2
Vmn1r155	true	true	2
Vmn1r157	true	true	2
Vmn1r158	true	true	2
Vmn1r159	true	true	2
Vmn1r16	true	true	2
Vmn1r160	true	true	2
Vmn1r163	true	true	2
Vmn1r165	true	true	2
Vmn1r166	true	true	2
Vmn1r167	true	true	2
Vmn1r168	true	true	2
Vmn1r169	true	true	2
Vmn1r17	true	true	2
Vmn1r170	true	true	2
Vmn1r171	true	true	2
Vmn1r172	true	true	2
Vmn1r173	true	true	2
Vmn1r174	true	true	2
Vmn1r175	true	true	2
Vmn1r176	true	true	2
Vmn1r177	true	true	2
Vmn1r178	true	true	2
Vmn1r179	true	true	2
Vmn1r18	true	true	2
Vmn1r180	true	true	2
Vmn1r181	true	true	2
Vmn1r183	true	true	2
Vmn1r186	true	true	2
Vmn1r188	true	true	2
Vmn1r189	true	true	2
Vmn1r19	true	true	2
Vmn1r191	true	true	2
Vmn1r192	true	true	2
Vmn1r193	true	true	2
Vmn1r194	true	true	2
Vmn1r195	true	true	2
Vmn1r196	true	true	2
Vmn1r197	true	true	2
Vmn1r198	true	true	2
Vmn1r199	true	true	2
Vmn1r2	true	true	2
Vmn1r20	true	true	2
Vmn1r200	true	true	2
Vmn1r201	true	true	2
Vmn1r202	true	true	2
Vmn1r203	true	true	2
Vmn1r204	true	true	2
Vmn1r205	true	true	2
Vmn1r206	true	true	2
Vmn1r207	true	true	2
Vmn1r208	true	true	2
Vmn1r209	true	true	2
Vmn1r21	true	true	2
Vmn1r210	true	true	2
Vmn1r211	true	true	2
Vmn1r212	true	true	2
Vmn1r213	true	true	2
Vmn1r214	true	true	2
Vmn1r215	true	true	2
Vmn1r216	true	true	2
Vmn1r217	true	true	2
Vmn1r218	true	true	2
Vmn1r219	true	true	2
Vmn1r22	true	true	2
Vmn1r220	true	true	2
Vmn1r221	true	true	2
Vmn1r222	true	true	2
Vmn1r223	true	true	2
Vmn1r227	true	true	2
Vmn1r23	true	true	2
Vmn1r230	true	true	2
Vmn1r238	true	true	2
Vmn1r24	true	true	2
Vmn1r240	true	true	2
Vmn1r241	true	true	2
Vmn1r242	true	true	2
Vmn1r243	true	true	2
Vmn1r244	true	true	2
Vmn1r245	true	true	2
Vmn1r246	true	true	2
Vmn1r247	true	true	2
Vmn1r248	true	true	2
Vmn1r249	true	true	2
Vmn1r25	true	true	2
Vmn1r250	true	true	2
Vmn1r251	true	true	2
Vmn1r252	true	true	2
Vmn1r253	true	true	2
Vmn1r254	true	true	2
Vmn1r255	true	true	2
Vmn1r256	true	true	2
Vmn1r257	true	true	2
Vmn1r258	true	true	2
Vmn1r259	true	true	2
Vmn1r26	true	true	2
Vmn1r260	true	true	2
Vmn1r27	true	true	2
Vmn1r28	true	true	2
Vmn1r29	true	true	2
Vmn1r3	true	true	2
Vmn1r30	true	true	2
Vmn1r31	true	true	2
Vmn1r32	true	true	2
Vmn1r33	true	true	2
Vmn1r34	true	true	2
Vmn1r35	true	true	2
Vmn1r36	true	true	2
Vmn1r37	true	true	2
Vmn1r38	true	true	2
Vmn1r39	true	true	2
Vmn1r4	true	true	2
Vmn1r5	true	true	2
Vmn1r55	true	true	2
Vmn1r56	true	true	2
Vmn1r57	true	true	2
Vmn1r58	true	true	2
Vmn1r59	true	true	2
Vmn1r6	true	true	2
Vmn1r60	true	true	2
Vmn1r61	true	true	2
Vmn1r62	true	true	2
Vmn1r63	true	true	2
Vmn1r64	true	true	2
Vmn1r65	true	true	2
Vmn1r7	true	true	2
Vmn1r70	true	true	2
Vmn1r72	true	true	2
Vmn1r73	true	true	2
Vmn1r74	true	true	2
Vmn1r75	true	true	2
Vmn1r76	true	true	2
Vmn1r77	true	true	2
Vmn1r78	true	true	2
Vmn1r79	true	true	2
Vmn1r8	true	true	2
Vmn1r80	true	true	2
Vmn1r81	true	true	2
Vmn1r82	true	true	2
Vmn1r83	true	true	2
Vmn1r84	true	true	2
Vmn1r85	true	true	2
Vmn1r86	true	true	2
Vmn1r87	true	true	2
Vmn1r88	true	true	2
Vmn1r89	true	true	2
Vmn1r9	true	true	2
Vmn1r90	true	true	2
Vmn1r91	true	true	2
Vmn1r93	true	true	2
Vmn1r94	true	true	2
Vmn1r95	true	true	2
Vmn2r-ps158	true	true	2
Vmn2r1	true	true	2
Vmn2r10	true	true	2
Vmn2r100	true	true	2
Vmn2r101	true	true	2
Vmn2r102	true	true	2
Vmn2r103	true	true	2
Vmn2r104	true	true	2
Vmn2r105	true	true	2
Vmn2r106	true	true	2
Vmn2r107	true	true	2
Vmn2r108	true	true	2
Vmn2r109	true	true	2
Vmn2r11	true	true	2
Vmn2r110	true	true	2
Vmn2r111	true	true	2
Vmn2r112	true	true	2
Vmn2r113	true	true	2
Vmn2r114	true	true	2
Vmn2r115	true	true	2
Vmn2r116	true	true	2
Vmn2r117	true	true	2
Vmn2r118	true	true	2
Vmn2r12	true	true	2
Vmn2r120	true	true	2
Vmn2r121	true	true	2
Vmn2r124	true	true	2
Vmn2r129	true	true	2
Vmn2r13	true	true	2
Vmn2r130	true	true	2
Vmn2r14	true	true	2
Vmn2r15	true	true	2
Vmn2r16	true	true	2
Vmn2r17	true	true	2
Vmn2r18	true	true	2
Vmn2r19	true	true	2
Vmn2r2	true	true	2
Vmn2r20	true	true	2
Vmn2r21	true	true	2
Vmn2r22	true	true	2
Vmn2r23	true	true	2
Vmn2r24	true	true	2
Vmn2r25	true	true	2
Vmn2r26	true	true	2
Vmn2r27	true	true	2
Vmn2r28	true	true	2
Vmn2r29	true	true	2
Vmn2r3	true	true	2
Vmn2r30	true	true	2
Vmn2r31	true	true	2
Vmn2r32	true	true	2
Vmn2r33	true	true	2
Vmn2r34	true	true	2
Vmn2r35	true	true	2
Vmn2r36	true	true	2
Vmn2r37	true	true	2
Vmn2r38	true	true	2
Vmn2r39	true	true	2
Vmn2r4	true	true	2
Vmn2r40	true	true	2
Vmn2r41	true	true	2
Vmn2r42	true	true	2
Vmn2r43	true	true	2
Vmn2r44	true	true	2
Vmn2r45	true	true	2
Vmn2r48	true	true	2
Vmn2r49	true	true	2
Vmn2r5	true	true	2
Vmn2r50	true	true	2
Vmn2r51	true	true	2
Vmn2r52	true	true	2
Vmn2r53	true	true	2
Vmn2r54	true	true	2
Vmn2r55	true	true	2
Vmn2r56	true	true	2
Vmn2r57	true	true	2
Vmn2r58	true	true	2
Vmn2r59	true	true	2
Vmn2r6	true	true	2
Vmn2r60	true	true	2
Vmn2r61	true	true	2
Vmn2r62	true	true	2
Vmn2r63	true	true	2
Vmn2r65	true	true	2
Vmn2r66	true	true	2
Vmn2r67	true	true	2
Vmn2r68	true	true	2
Vmn2r69	true	true	2
Vmn2r7	true	true	2
Vmn2r70	true	true	2
Vmn2r71	true	true	2
Vmn2r72	true	true	2
Vmn2r73	true	true	2
Vmn2r74	true	true	2
Vmn2r75	true	true	2
Vmn2r76	true	true	2
Vmn2r77	true	true	2
Vmn2r78	true	true	2
Vmn2r79	true	true	2
Vmn2r8	true	true	2
Vmn2r80	true	true	2
Vmn2r81	true	true	2
Vmn2r82	true	true	2
Vmn2r83	true	true	2
Vmn2r84	true	true	2
Vmn2r85	true	true	2
Vmn2r86	true	true	2
Vmn2r87	true	true	2
Vmn2r88	true	true	2
Vmn2r9	true	true	2
Vmn2r90	true	true	2
Vmn2r91	true	true	2
Vmn2r92	true	true	2
Vmn2r93	true	true	2
Vmn2r94	true	true	2
Vmn2r95	true	true	2
Vmn2r96	true	true	2
Vmn2r97	true	true	2
Vmn2r98	true	true	2
Vmn2r99	true	true	2
Wap	true	true	2
Wfdc15a	true	true	2
Wfdc15b	true	true	2
Wfdc16	true	true	2
Wfdc18	true	true	2
Wmp	true	true	2
Xndc1	true	true	2
Xntrpc	true	true	2
Zdhhc25	true	true	2
Zfp157	true	true	2
Zfp229	true	true	2
Zfp300	true	true	2
Zfp35	true	true	2
Zfp36l3	true	true	2
Zfp40	true	true	2
Zfp433	true	true	2
Zfp442	true	true	2
Zfp51	true	true	2
Zfp52	true	true	2
Zfp563	true	true	2
Zfp599	true	true	2
Zfp616	true	true	2
Zfp617	true	true	2
Zfp658	true	true	2
Zfp68	true	true	2
Zfp709	true	true	2
Zfp719	true	true	2
Zfp735	true	true	2
Zfp773	true	true	2
Zfp781	true	true	2
Zfp788	true	true	2
Zfp799	true	true	2
Zfp808	true	true	2
Zfp809	true	true	2
Zfp810	true	true	2
Zfp871	true	true	2
Zfp873	true	true	2
Zfp882	true	true	2
Zfp940	true	true	2
Zfp948	true	true	2
Zfp949	true	true	2
Zfp950	true	true	2
Zfp965	true	true	2
Zfp966	true	true	2
Zfp967	true	true	2
Zfp968-ps	true	true	2
Zfp969	true	true	2
Zfp972	true	true	2
Zfp977	true	true	2
Zfp982	true	true	2
Zfp998	true	true	2
Zim1	true	true	2
Zpld2	true	true	2
Zscan4-ps1	true	true	2
Zscan4-ps2	true	true	2
Zscan4-ps3	true	true	2
Zscan4e	true	true	2
missing	true	true	2
0610009B22Rik	true	false	1
1190007I07Rik	true	false	1
1700009N14Rik	true	false	1
1700015G11Rik	true	false	1
1700020A23Rik	true	false	1
2010315B03Rik	true	false	1
2210010C04Rik	true	false	1
2310061N02Rik	true	false	1
2410002F23Rik	true	false	1
2410004P03Rik	true	false	1
2610002M06Rik	true	false	1
3110009E18Rik	true	false	1
4921517D22Rik	true	false	1
4930407I10Rik	true	false	1
4930486L24Rik	true	false	1
4930548H24Rik	true	false	1
4931406B18Rik	true	false	1
4933417A18Rik	true	false	1
5730507C01Rik	true	false	1
9130019O22Rik	true	false	1
9530053A07Rik	true	false	1
A430033K04Rik	true	false	1
AI987944	true	false	1
AU041133	true	false	1
AW146154	true	false	1
Aadacl4fm2	true	false	1
Abca17	true	false	1
Abca8a	true	false	1
Abcg2	true	false	1
Ace3	true	false	1
Acp7	true	false	1
Actn4	true	false	1
Actr6	true	false	1
Acyp1	true	false	1
Adam18	true	false	1
Adam19	true	false	1
Adam1a	true	false	1
Adam1b	true	false	1
Adam24	true	false	1
Adam3	true	false	1
Adam32	true	false	1
Adam5	true	false	1
Adam6a	true	false	1
Adam9	true	false	1
Adgre4	true	false	1
Adprhl1	true	false	1
Afg3l1	true	false	1
Ahi1	true	false	1
Ahsa2	true	false	1
Akain1	true	false	1
Akap17b	true	false	1
Akr1c12	true	false	1
Akr1c13	true	false	1
Akr1c14	true	false	1
Akr1c18	true	false	1
Akr1c19	true	false	1
Akr1c20	true	false	1
Akr1c21	true	false	1
Akr1c6	true	false	1
Akr1cl	true	false	1
Alx1	true	false	1
Amhr2	true	false	1
Amy1	true	false	1
Amy2a2	true	false	1
Amy2a5	true	false	1
Anapc15	true	false	1
Ank3	true	false	1
Ankrd36	true	false	1
Ankrd52	true	false	1
Anks1b	true	false	1
Aox3	true	false	1
Apaf1	true	false	1
Apela	true	false	1
Apof	true	false	1
Apon	true	false	1
Arhgef4	true	false	1
Arpc1a	true	false	1
Art2b	true	false	1
Atad2	true	false	1
Atf7	true	false	1
Atp1b4	true	false	1
Atp5g1	true	false	1
Atp5g2	true	false	1
Atp6ap1l	true	false	1
Atp8b5	true	false	1
B4galt6	true	false	1
BC024978	true	false	1
BC051665	true	false	1
Banf1	true	false	1
Baz2a	true	false	1
Bcl2l10	true	false	1
Bclaf1	true	false	1
Bet1	true	false	1
Bet1l	true	false	1
Bloc1s1	true	false	1
Bmp8a	true	false	1
Bmp8b	true	false	1
Bpifb5	true	false	1
Bpifb9a	true	false	1
Brd3os	true	false	1
Btg1b	true	false	1
Btg1c	true	false	1
Btnl1	true	false	1
Btnl10	true	false	1
Btnl4	true	false	1
Btnl6	true	false	1
C130026I21Rik	true	false	1
C1galt1c1	true	false	1
C2cd4a	true	false	1
C2cd4b	true	false	1
Cabcoco1	true	false	1
Cadps	true	false	1
Calcoco1	true	false	1
Calr4	true	false	1
Camk2d	true	false	1
Capn12	true	false	1
Capza1	true	false	1
Casp4	true	false	1
Casz1	true	false	1
Cbx3	true	false	1
Cbx5	true	false	1
Ccdc121	true	false	1
Ccdc162	true	false	1
Ccdc163	true	false	1
Ccdc166	true	false	1
Ccdc183	true	false	1
Ccdc63	true	false	1
Ccdc7a	true	false	1
Ccdc7b	true	false	1
Ccdc92b	true	false	1
Ccdc96	true	false	1
Ccer2	true	false	1
Ccl1	true	false	1
Ccl25	true	false	1
Ccl26	true	false	1
Ccl5	true	false	1
Cd63	true	false	1
Cd68	true	false	1
Cd99l2	true	false	1
Cdiptos	true	false	1
Cdk1	true	false	1
Cdk2	true	false	1
Cdkn2a	true	false	1
Cenpx	true	false	1
Ces1a	true	false	1
Ces1e	true	false	1
Ces1f	true	false	1
Ces2h	true	false	1
Cetn4	true	false	1
Cfap47	true	false	1
Cfap53	true	false	1
Cfh	true	false	1
Cfhr2	true	false	1
Cfhr4	true	false	1
Chst5	true	false	1
Cldn22	true	false	1
Cldn24	true	false	1
Cldn4	true	false	1
Clec2f	true	false	1
Cmah	true	false	1
Cmc2	true	false	1
Cnga2	true	false	1
Cnpy2	true	false	1
Cntnap5a	true	false	1
Cntnap5b	true	false	1
Cntnap5c	true	false	1
Col10a1	true	false	1
Col22a1	true	false	1
Col24a1	true	false	1
Col7a1	true	false	1
Col9a3	true	false	1
Cops9	true	false	1
Copz1	true	false	1
Coq10a	true	false	1
Coq8b	true	false	1
Cox8c	true	false	1
Crct1	true	false	1
Crygd	true	false	1
Cryge	true	false	1
Crygf	true	false	1
Cryzl2	true	false	1
Cs	true	false	1
Csgalnact1	true	false	1
Csl	true	false	1
Csn1s2a	true	false	1
Csn1s2b	true	false	1
Cst12	true	false	1
Cst13	true	false	1
Ct55	true	false	1
Ctf2	true	false	1
Cts3	true	false	1
Cts6	true	false	1
Cts7	true	false	1
Cts8	true	false	1
Ctsj	true	false	1
Ctsl	true	false	1
Ctsll3	true	false	1
Ctsm	true	false	1
Ctsq	true	false	1
Ctsr	true	false	1
Ctu1	true	false	1
Cul4b	true	false	1
Cutal	true	false	1
Cxadr	true	false	1
Cxcl1	true	false	1
Cxcl2	true	false	1
Cxcl3	true	false	1
Cyct	true	false	1
Cyp11b1	true	false	1
Cyp11b2	true	false	1
Cyp2ab1	true	false	1
Cyp2b10	true	false	1
Cyp2b13	true	false	1
Cyp2b19	true	false	1
Cyp2b23	true	false	1
Cyp2b9	true	false	1
Cyp2c23	true	false	1
Cyp2c29	true	false	1
Cyp2c37	true	false	1
Cyp2c38	true	false	1
Cyp2c39	true	false	1
Cyp2c40	true	false	1
Cyp2c50	true	false	1
Cyp2c54	true	false	1
Cyp2c65	true	false	1
Cyp2c66	true	false	1
Cyp2c67	true	false	1
Cyp2c68	true	false	1
Cyp2c69	true	false	1
Cyp2g1	true	false	1
Cyp2j11	true	false	1
Cyp2j12	true	false	1
Cyp2j5	true	false	1
Cyp2j6	true	false	1
Cyp2j8	true	false	1
Cyp2t4	true	false	1
Cyp4a12a	true	false	1
Cyp4a12b	true	false	1
Cyp4a14	true	false	1
Cyp4a29	true	false	1
Cysltr2	true	false	1
D130040H23Rik	true	false	1
D1Pas1	true	false	1
Dbil5	true	false	1
Dcpp2	true	false	1
Dcpp3	true	false	1
Ddx43	true	false	1
Defb1	true	false	1
Defb3	true	false	1
Defb4	true	false	1
Defb48	true	false	1
Defb5	true	false	1
Defb6	true	false	1
Defb7	true	false	1
Defb8	true	false	1
Dgka	true	false	1
Dhps	true	false	1
Dlgap1	true	false	1
Dmrtc1a	true	false	1
Dmrtc1b	true	false	1
Dnajb3	true	false	1
Dnajc14	true	false	1
Dnajc25	true	false	1
Dnal4	true	false	1
Doc2g	true	false	1
Dsc1	true	false	1
Dsc2	true	false	1
Dsc3	true	false	1
Dsg1a	true	false	1
Dsg1b	true	false	1
Dsg1c	true	false	1
Dsg2	true	false	1
Dsg3	true	false	1
Dsg4	true	false	1
Dtnb	true	false	1
Dusp3	true	false	1
Dynap	true	false	1
Dynll1	true	false	1
E330021D16Rik	true	false	1
Ech1	true	false	1
Eef1a1	true	false	1
Eef1akmt2	true	false	1
Egfem1	true	false	1
Eif1	true	false	1
Eif1a	true	false	1
Eif1ad13	true	false	1
Eif1ad19	true	false	1
Eif1ad2	true	false	1
Eif1ad3	true	false	1
Eif1ad4	true	false	1
Eif1ad6	true	false	1
Eif1ad7	true	false	1
Eif1ad8	true	false	1
Eif3k	true	false	1
Erbb3	true	false	1
Ercc6l2	true	false	1
Esyt1	true	false	1
Etd	true	false	1
Ezhip	true	false	1
F830045P16Rik	true	false	1
Fads2b	true	false	1
Fam169b	true	false	1
Fam241b	true	false	1
Fam24a	true	false	1
Fam24b	true	false	1
Fam47c	true	false	1
Fate1	true	false	1
Fbxl21	true	false	1
Fbxo17	true	false	1
Fbxo27	true	false	1
Fbxw9	true	false	1
Fcf1	true	false	1
Fcgbp	true	false	1
Fcgrt	true	false	1
Fcna	true	false	1
Fcrl6	true	false	1
Fdxr	true	false	1
Fer1l4	true	false	1
Fga	true	false	1
Fhl1	true	false	1
Fip1l1	true	false	1
Fkbp2	true	false	1
Flt3l	true	false	1
Fmo6	true	false	1
Frg1	true	false	1
Fthl17a	true	false	1
Fthl17b	true	false	1
Fthl17e	true	false	1
Fthl17f	true	false	1
Fut2	true	false	1
Fxyd5	true	false	1
Gabra3	true	false	1
Gabre	true	false	1
Gabrq	true	false	1
Gas2l3	true	false	1
Gbp3	true	false	1
Gbp7	true	false	1
Gcsh	true	false	1
Gdf11	true	false	1
Get1	true	false	1
Ggnbp1	true	false	1
Ggta1	true	false	1
Gimap9	true	false	1
Gja1	true	false	1
Glra4	true	false	1
Glrx2	true	false	1
Gls2	true	false	1
Glt28d2	true	false	1
Glud1	true	false	1
Glycam1	true	false	1
Gm10131	true	false	1
Gm10229	true	false	1
Gm10778	true	false	1
Gm11213	true	false	1
Gm11559	true	false	1
Gm11562	true	false	1
Gm11568	true	false	1
Gm13271	true	false	1
Gm13275	true	false	1
Gm13276	true	false	1
Gm13283	true	false	1
Gm13287	true	false	1
Gm14124	true	false	1
Gm14305	true	false	1
Gm14322	true	false	1
Gm14325	true	false	1
Gm14391	true	false	1
Gm16867	true	false	1
Gm17416	true	false	1
Gm20594	true	false	1
Gm30302	true	false	1
Gm32687	true	false	1
Gm35339	true	false	1
Gm35549	true	false	1
Gm3604	true	false	1
Gm36079	true	false	1
Gm37013	true	false	1
Gm382	true	false	1
Gm4340	true	false	1
Gm5741	true	false	1
Gm5926	true	false	1
Gm597	true	false	1
Gm6583	true	false	1
Gm6588	true	false	1
Gm6710	true	false	1
Gm7694	true	false	1
Gm7735	true	false	1
Gm8765	true	false	1
Gm8882	true	false	1
Gm8909	true	false	1
Gm906	true	false	1
Gnaq	true	false	1
Gng5	true	false	1
Gpalpp1	true	false	1
Gpr132	true	false	1
Gpr141b	true	false	1
Gpr150	true	false	1
Gpr165	true	false	1
Gpr34	true	false	1
Gpr50	true	false	1
Gpr84	true	false	1
Gpx5	true	false	1
Gria3	true	false	1
Gsdma	true	false	1
Gsta1	true	false	1
Gsta2	true	false	1
Gsta4	true	false	1
Gsta5	true	false	1
Gtsf1	true	false	1
Gucy1b2	true	false	1
Gucy2g	true	false	1
Gulo	true	false	1
Gvin2	true	false	1
Gykl1	true	false	1
H1f9	true	false	1
H2-Aa	true	false	1
H2-D1	true	false	1
H2-Eb1	true	false	1
H2-K1	true	false	1
H2-M2	true	false	1
H2-M3	true	false	1
H2-M5	true	false	1
H2-Q1	true	false	1
H2-Q10	true	false	1
H2-Q2	true	false	1
H2-Q4	true	false	1
H2-Q6	true	false	1
H2-Q7	true	false	1
H2-T22	true	false	1
H2-T23	true	false	1
H2-T3	true	false	1
H2ac10	true	false	1
H2ac12	true	false	1
H2ac18	true	false	1
H2ac22	true	false	1
H2ac6	true	false	1
H2aj	true	false	1
H2bc12	true	false	1
H2bc13	true	false	1
H2bc22	true	false	1
H2bc23	true	false	1
H2bu2	true	false	1
H3f3a	true	false	1
H4c17	true	false	1
H4f16	true	false	1
H60c	true	false	1
Hamp2	true	false	1
Hbb-bh1	true	false	1
Hbb-bh2	true	false	1
Hbb-bt	true	false	1
Hhex	true	false	1
Hmga1b	true	false	1
Hmgb3	true	false	1
Hmgn2	true	false	1
Hnrnpa1	true	false	1
Hnrnpl	true	false	1
Hoxc10	true	false	1
Hoxc11	true	false	1
Hoxc12	true	false	1
Hoxc13	true	false	1
Hoxc4	true	false	1
Hoxc5	true	false	1
Hoxc6	true	false	1
Hoxc8	true	false	1
Hoxc9	true	false	1
Hsp90aa1	true	false	1
Hspe1	true	false	1
Htr1d	true	false	1
Htra4	true	false	1
Hyal6	true	false	1
Ido1	true	false	1
Ido2	true	false	1
Ier3ip1	true	false	1
Ifi27	true	false	1
Ifi27l2a	true	false	1
Ifi27l2b	true	false	1
Ifnz	true	false	1
Igbp1b	true	false	1
Igll1	true	false	1
Igsf5	true	false	1
Ikbip	true	false	1
Ikzf2	true	false	1
Ikzf4	true	false	1
Il23a	true	false	1
Il3ra	true	false	1
Ints10	true	false	1
Iqce	true	false	1
Irs3	true	false	1
Iscu	true	false	1
Itga5	true	false	1
Itga7	true	false	1
Itpkc	true	false	1
Ivl	true	false	1
Jaml	true	false	1
Kcnb2	true	false	1
Kctd12b	true	false	1
Keg1	true	false	1
Kif16b	true	false	1
Kif28	true	false	1
Klk10	true	false	1
Klk11	true	false	1
Klk12	true	false	1
Klk13	true	false	1
Klk14	true	false	1
Krt13	true	false	1
Krt81	true	false	1
Krt83	true	false	1
Krt86	true	false	1
Krt87	true	false	1
Krt88	true	false	1
Krt90	true	false	1
Krtap16-3	true	false	1
Krtap17-1	true	false	1
Krtap19-2	true	false	1
Krtap19-3	true	false	1
Krtap19-4	true	false	1
Krtap19-5	true	false	1
Krtap2-4	true	false	1
Krtap20-2	true	false	1
Krtap3-2	true	false	1
Krtap3-3	true	false	1
Krtap6-5	true	false	1
Krtap9-1	true	false	1
Kxd1	true	false	1
L3mbtl1	true	false	1
Lair1	true	false	1
Lamp2	true	false	1
Lamp3	true	false	1
Lancl1	true	false	1
Lbhd2	true	false	1
Lce1f	true	false	1
Lce3a	true	false	1
Lce3b	true	false	1
Lce3c	true	false	1
Lce3d	true	false	1
Lce3e	true	false	1
Lce3f	true	false	1
Lce6a	true	false	1
Lcn3	true	false	1
Lcn4	true	false	1
Ldc1	true	false	1
Lgals4	true	false	1
Lgals7	true	false	1
Lhb	true	false	1
Lilrb4a	true	false	1
Lor	true	false	1
Lpcat2b	true	false	1
Lpl	true	false	1
Lrrc29	true	false	1
Lrrc72	true	false	1
Lrriq1	true	false	1
Ltb4r1	true	false	1
Ltc4s	true	false	1
Ly6a	true	false	1
Ly6c1	true	false	1
Ly6c2	true	false	1
Ly6f	true	false	1
Ly6g6e	true	false	1
Ly6i	true	false	1
Lypd10	true	false	1
Lypd9	true	false	1
Magea10	true	false	1
Magea13	true	false	1
Magea4	true	false	1
Man2b1	true	false	1
Maob	true	false	1
Map1lc3b	true	false	1
Map3k12	true	false	1
Map3k7cl	true	false	1
Map7	true	false	1
Mbl1	true	false	1
Mcts1	true	false	1
Mcts2	true	false	1
Mdp1	true	false	1
Med10	true	false	1
Mep1a	true	false	1
Mettl21e	true	false	1
Mettl7b	true	false	1
Mfsd13b	true	false	1
Mfsd9	true	false	1
Mgat4e	true	false	1
Mill2	true	false	1
Mip	true	false	1
Mmp10	true	false	1
Mmp19	true	false	1
Morf4l1	true	false	1
Moxd2	true	false	1
Mptx1	true	false	1
Mroh3	true	false	1
Mroh4	true	false	1
Mrps12	true	false	1
Msl3l2	true	false	1
Mt2	true	false	1
Mt3	true	false	1
Mtfr2	true	false	1
Mtm1	true	false	1
Mtmr1	true	false	1
Muc2	true	false	1
Mucl2	true	false	1
Mup13	true	false	1
Mxra7	true	false	1
Myb	true	false	1
Mycs	true	false	1
Myh2	true	false	1
Myh4	true	false	1
Myl1	true	false	1
Myl6	true	false	1
Myl6b	true	false	1
Myocos	true	false	1
Naa11	true	false	1
Nabp2	true	false	1
Naf1	true	false	1
Naip1	true	false	1
Naip2	true	false	1
Naip5	true	false	1
Naip6	true	false	1
Nat1	true	false	1
Nat2	true	false	1
Nat3	true	false	1
Nccrp1	true	false	1
Nckap1l	true	false	1
Ndp	true	false	1
Nedd1	true	false	1
Nefm	true	false	1
Nepn	true	false	1
Neurod4	true	false	1
Nfe2	true	false	1
Nfkbib	true	false	1
Nnat	true	false	1
Notch4	true	false	1
Npff	true	false	1
Npy1r	true	false	1
Npy5r	true	false	1
Npy6r	true	false	1
Nr1h4	true	false	1
Nr1h5	true	false	1
Nsmce3	true	false	1
Nsun4	true	false	1
Nudt8	true	false	1
Nutf2	true	false	1
Nxpe5	true	false	1
Oacyl	true	false	1
Oasl2	true	false	1
Odad1	true	false	1
Odf4	true	false	1
Ofcc1	true	false	1
Olfm5	true	false	1
Olfr1	true	false	1
Olfr10	true	false	1
Olfr101	true	false	1
Olfr1013	true	false	1
Olfr102	true	false	1
Olfr103	true	false	1
Olfr1048	true	false	1
Olfr1057	true	false	1
Olfr1062	true	false	1
Olfr1086	true	false	1
Olfr1131	true	false	1
Olfr1132	true	false	1
Olfr1143	true	false	1
Olfr1151	true	false	1
Olfr1173	true	false	1
Olfr1180	true	false	1
Olfr1249	true	false	1
Olfr1258	true	false	1
Olfr1305	true	false	1
Olfr1344	true	false	1
Olfr1351	true	false	1
Olfr1353	true	false	1
Olfr1359	true	false	1
Olfr1360	true	false	1
Olfr1361	true	false	1
Olfr1366	true	false	1
Olfr1371	true	false	1
Olfr1373	true	false	1
Olfr1380	true	false	1
Olfr1381	true	false	1
Olfr1382	true	false	1
Olfr1383	true	false	1
Olfr1384	true	false	1
Olfr1385	true	false	1
Olfr1386	true	false	1
Olfr1390	true	false	1
Olfr1391	true	false	1
Olfr1392	true	false	1
Olfr1393	true	false	1
Olfr1396	true	false	1
Olfr1442	true	false	1
Olfr1443	true	false	1
Olfr153	true	false	1
Olfr1537	true	false	1
Olfr164	true	false	1
Olfr165	true	false	1
Olfr18	true	false	1
Olfr20	true	false	1
Olfr23	true	false	1
Olfr27	true	false	1
Olfr282	true	false	1
Olfr283	true	false	1
Olfr32	true	false	1
Olfr355	true	false	1
Olfr365	true	false	1
Olfr372	true	false	1
Olfr373	true	false	1
Olfr376	true	false	1
Olfr378	true	false	1
Olfr380	true	false	1
Olfr381	true	false	1
Olfr382	true	false	1
Olfr384	true	false	1
Olfr385	true	false	1
Olfr389	true	false	1
Olfr390	true	false	1
Olfr391	true	false	1
Olfr392	true	false	1
Olfr393	true	false	1
Olfr394	true	false	1
Olfr395	true	false	1
Olfr418	true	false	1
Olfr424	true	false	1
Olfr44	true	false	1
Olfr453	true	false	1
Olfr455	true	false	1
Olfr503	true	false	1
Olfr521	true	false	1
Olfr555	true	false	1
Olfr57	true	false	1
Olfr633	true	false	1
Olfr64	true	false	1
Olfr658	true	false	1
Olfr67	true	false	1
Olfr739	true	false	1
Olfr741	true	false	1
Olfr742	true	false	1
Olfr743	true	false	1
Olfr744	true	false	1
Olfr767	true	false	1
Olfr780	true	false	1
Olfr782	true	false	1
Olfr786	true	false	1
Olfr788	true	false	1
Olfr790	true	false	1
Olfr791	true	false	1
Olfr796	true	false	1
Olfr802	true	false	1
Olfr804	true	false	1
Olfr808	true	false	1
Olfr809	true	false	1
Olfr813	true	false	1
Olfr814	true	false	1
Olfr815	true	false	1
Olfr821	true	false	1
Olfr825	true	false	1
Olfr826	true	false	1
Olfr849	true	false	1
Olfr851	true	false	1
Olfr853	true	false	1
Olfr937	true	false	1
Olfr943	true	false	1
Olfr945	true	false	1
Olfr948	true	false	1
Olfr951	true	false	1
Olfr954	true	false	1
Olfr960	true	false	1
Olfr961	true	false	1
Olfr963	true	false	1
Ormdl1	true	false	1
Ormdl2	true	false	1
Pa2g4	true	false	1
Pabpc1	true	false	1
Pak4	true	false	1
Pan2	true	false	1
Pcbp2	true	false	1
Pcdhb21	true	false	1
Pcnp	true	false	1
Pcp4	true	false	1
Pdcd6ip	true	false	1
Pde1b	true	false	1
Pdzph1	true	false	1
Pebp1	true	false	1
Pf4	true	false	1
Pga5	true	false	1
Phgr1	true	false	1
Pigz	true	false	1
Pilra	true	false	1
Pilrb1	true	false	1
Pilrb2	true	false	1
Pitx2	true	false	1
Plekha2	true	false	1
Pmel	true	false	1
Pold3	true	false	1
Polr1has	true	false	1
Polr2j	true	false	1
Polr3g	true	false	1
Polr3gl	true	false	1
Poteg	true	false	1
Potegl	true	false	1
Pphln1	true	false	1
Ppm1a	true	false	1
Ppp1r1a	true	false	1
Ppp1r7	true	false	1
Ppp2r3d	true	false	1
Ppp4r2	true	false	1
Prb1	true	false	1
Prcd	true	false	1
Prelid1	true	false	1
Prl	true	false	1
Prl2a1	true	false	1
Prl2c1	true	false	1
Prl2c2	true	false	1
Prl2c5	true	false	1
Prl5a1	true	false	1
Prl6a1	true	false	1
Prl7a1	true	false	1
Prl7a2	true	false	1
Prl7b1	true	false	1
Prl7c1	true	false	1
Prl7d1	true	false	1
Prl8a1	true	false	1
Prl8a2	true	false	1
Prl8a6	true	false	1
Prl8a8	true	false	1
Prl8a9	true	false	1
Prm1	true	false	1
Proc	true	false	1
Prokr1	true	false	1
Prorsd1	true	false	1
Prpmp5	true	false	1
Prr13	true	false	1
Prrg2	true	false	1
Prrg3	true	false	1
Prss29	true	false	1
Prss30	true	false	1
Prss40	true	false	1
Prss42	true	false	1
Prss43	true	false	1
Prss44	true	false	1
Prss46	true	false	1
Prss47	true	false	1
Prss52	true	false	1
Psd3	true	false	1
Psma1	true	false	1
Ptbp1	true	false	1
Ptma	true	false	1
Ptms	true	false	1
Pym1	true	false	1
Rab32	true	false	1
Rab5b	true	false	1
Ran	true	false	1
Rbms2	true	false	1
Rcn3	true	false	1
Rdh5	true	false	1
Reep6	true	false	1
Rhobtb1	true	false	1
Rhox10	true	false	1
Rhox11	true	false	1
Rhox12	true	false	1
Rhox2a	true	false	1
Rhox2d	true	false	1
Rhox3f	true	false	1
Rhox4b	true	false	1
Rhox4c	true	false	1
Rhox4e	true	false	1
Rhox4f	true	false	1
Rhox4g	true	false	1
Rinl	true	false	1
Rnase11	true	false	1
Rnf113a2	true	false	1
Rnf135	true	false	1
Rnf181	true	false	1
Rnf187	true	false	1
Rnf41	true	false	1
Rpl10	true	false	1
Rpl12	true	false	1
Rpl13a	true	false	1
Rpl14	true	false	1
Rpl21	true	false	1
Rpl27a	true	false	1
Rpl31	true	false	1
Rpl36al	true	false	1
Rpl39l	true	false	1
Rpl4	true	false	1
Rpl41	true	false	1
Rpl7a	true	false	1
Rpl9	true	false	1
Rps10	true	false	1
Rps12	true	false	1
Rps17	true	false	1
Rps18	true	false	1
Rps26	true	false	1
Rps27	true	false	1
Rps3	true	false	1
Rps6kb1	true	false	1
Rps8	true	false	1
Rpsa	true	false	1
Rsl1	true	false	1
Rslcan18	true	false	1
Rtl1	true	false	1
Rxfp3	true	false	1
S100a7a	true	false	1
S100a9	true	false	1
Saa1	true	false	1
Saa2	true	false	1
Saa3	true	false	1
Samd1	true	false	1
Sarnp	true	false	1
Sars2	true	false	1
Sbp	true	false	1
Scart1	true	false	1
Scd1	true	false	1
Scd3	true	false	1
Scyl2	true	false	1
Sdr16c6	true	false	1
Sec1	true	false	1
Sec61b	true	false	1
Sem1	true	false	1
Septin4	true	false	1
Serf2	true	false	1
Setd1a	true	false	1
Setmar	true	false	1
Sfta2	true	false	1
Sh2d4a	true	false	1
Shc2	true	false	1
Sirt2	true	false	1
Skint1	true	false	1
Slc10a4	true	false	1
Slc17a8	true	false	1
Slc22a20	true	false	1
Slc23a4	true	false	1
Slc25a3	true	false	1
Slc26a10	true	false	1
Slc2a3	true	false	1
Slc37a3	true	false	1
Slc39a5	true	false	1
Slc6a14	true	false	1
Slc6a15	true	false	1
Slc6a21	true	false	1
Slc7a12	true	false	1
Slc7a15	true	false	1
Sln	true	false	1
Slurp2	true	false	1
Smad9	true	false	1
Smarcc2	true	false	1
Smbd1	true	false	1
Smcp	true	false	1
Smim27	true	false	1
Smim6	true	false	1
Smpd5	true	false	1
Smr3a	true	false	1
Smug1	true	false	1
Snhg11	true	false	1
Snrnp27	true	false	1
Snrpa	true	false	1
Snrpe	true	false	1
Snrpf	true	false	1
Sp140	true	false	1
Spata31	true	false	1
Spata33	true	false	1
Spcs3	true	false	1
Spef1l	true	false	1
Spin2c	true	false	1
Spin2d	true	false	1
Spint5	true	false	1
Sprr1a	true	false	1
Sprr1b	true	false	1
Sprr2d	true	false	1
Spryd4	true	false	1
Sptssb	true	false	1
Srd5a3	true	false	1
Srek1	true	false	1
Sspo	true	false	1
Stard9	true	false	1
Stat2	true	false	1
Stra6l	true	false	1
Strit1	true	false	1
Sult1a1	true	false	1
Sult1d1	true	false	1
Sult6b2	true	false	1
Sumo1	true	false	1
Suox	true	false	1
Sycn	true	false	1
Syncrip	true	false	1
Synj2bp	true	false	1
Sys1	true	false	1
Taar3	true	false	1
Taar4	true	false	1
Taar6	true	false	1
Tacc1	true	false	1
Tarbp2	true	false	1
Tbx10	true	false	1
Tcaf3	true	false	1
Tcam1	true	false	1
Tchp	true	false	1
Tcim	true	false	1
Tdh	true	false	1
Teddm2	true	false	1
Tespa1	true	false	1
Tex16	true	false	1
Tex21	true	false	1
Tex55	true	false	1
Tha1	true	false	1
Thap12	true	false	1
Thap2	true	false	1
Them7	true	false	1
Themis3	true	false	1
Thoc2l	true	false	1
Ticam2	true	false	1
Timeless	true	false	1
Timm10b	true	false	1
Timm8a2	true	false	1
Tincr	true	false	1
Tktl2	true	false	1
Tlr12	true	false	1
Tm2d2	true	false	1
Tma16	true	false	1
Tmbim7	true	false	1
Tmco5b	true	false	1
Tmed11	true	false	1
Tmem167b	true	false	1
Tmem170	true	false	1
Tmem182	true	false	1
Tmem196	true	false	1
Tmem198b	true	false	1
Tmem202	true	false	1
Tmem255a	true	false	1
Tmem26	true	false	1
Tmem265	true	false	1
Tmem274	true	false	1
Tmem30c	true	false	1
Tmem41a	true	false	1
Tmpo	true	false	1
Tmprss11b	true	false	1
Tmprss11c	true	false	1
Tmprss11g	true	false	1
Tmsb10	true	false	1
Tmsb15a	true	false	1
Tmsb15b1	true	false	1
Tmsb15l	true	false	1
Tmtc2	true	false	1
Tnfrsf10b	true	false	1
Tnfrsf12a	true	false	1
Tnpo2	true	false	1
Tomm5	true	false	1
Tomt	true	false	1
Toporsl	true	false	1
Tpm2	true	false	1
Tpm3	true	false	1
Trappc8	true	false	1
Trim52	true	false	1
Trim80	true	false	1
Trir	true	false	1
Trpc2	true	false	1
Tspyl3	true	false	1
Tssk5	true	false	1
Tstd3	true	false	1
Ttc39d	true	false	1
Ttc41	true	false	1
Ttll5	true	false	1
Ttyh1	true	false	1
Tunar	true	false	1
Uba52	true	false	1
Ube2d2b	true	false	1
Ube2dnl1	true	false	1
Ube2dnl2	true	false	1
Ugt2b1	true	false	1
Ugt2b34	true	false	1
Ugt2b35	true	false	1
Ugt2b36	true	false	1
Ugt2b37	true	false	1
Ugt2b38	true	false	1
Ugt2b5	true	false	1
Uhrf1bp1l	true	false	1
Ulbp1	true	false	1
Uox	true	false	1
Urad	true	false	1
Usp17la	true	false	1
Usp17lb	true	false	1
Usp17lc	true	false	1
Usp17ld	true	false	1
Usp17le	true	false	1
Usp26	true	false	1
Usp9x	true	false	1
Utf1	true	false	1
Uts2r	true	false	1
Vamp9	true	false	1
Vinac1	true	false	1
Vma21	true	false	1
Vmn1r184	true	false	1
Vmn1r185	true	false	1
Vmn1r224	true	false	1
Vmn1r225	true	false	1
Vmn1r226	true	false	1
Vmn1r228	true	false	1
Vmn1r229	true	false	1
Vmn1r231	true	false	1
Vmn1r232	true	false	1
Vmn1r66	true	false	1
Vmn1r67	true	false	1
Vmn1r68	true	false	1
Vmn1r69	true	false	1
Vmn1r71	true	false	1
Vwde	true	false	1
Wbp11	true	false	1
Wdr83	true	false	1
Wdr83os	true	false	1
Wdr95	true	false	1
Wfdc17	true	false	1
Wfdc21	true	false	1
Wfdc6a	true	false	1
Wfdc6b	true	false	1
Xlr3a	true	false	1
Xlr3b	true	false	1
Xlr3c	true	false	1
Xlr4a	true	false	1
Xlr4b	true	false	1
Xlr4c	true	false	1
Xlr5a	true	false	1
Xlr5b	true	false	1
Xlr5c	true	false	1
Yjefn3	true	false	1
Yy2	true	false	1
Zc3h10	true	false	1
Zcchc12	true	false	1
Zcchc18	true	false	1
Zcwpw2	true	false	1
Zfp111	true	false	1
Zfp119a	true	false	1
Zfp119b	true	false	1
Zfp120	true	false	1
Zfp184	true	false	1
Zfp26	true	false	1
Zfp267	true	false	1
Zfp268	true	false	1
Zfp27	true	false	1
Zfp273	true	false	1
Zfp275	true	false	1
Zfp345	true	false	1
Zfp385a	true	false	1
Zfp418	true	false	1
Zfp429	true	false	1
Zfp455	true	false	1
Zfp456	true	false	1
Zfp493	true	false	1
Zfp53	true	false	1
Zfp568	true	false	1
Zfp58	true	false	1
Zfp600	true	false	1
Zfp653	true	false	1
Zfp663	true	false	1
Zfp677	true	false	1
Zfp683	true	false	1
Zfp707	true	false	1
Zfp708	true	false	1
Zfp710	true	false	1
Zfp715	true	false	1
Zfp72	true	false	1
Zfp747	true	false	1
Zfp758	true	false	1
Zfp772	true	false	1
Zfp775	true	false	1
Zfp780b	true	false	1
Zfp811	true	false	1
Zfp825	true	false	1
Zfp846	true	false	1
Zfp85	true	false	1
Zfp87	true	false	1
Zfp870	true	false	1
Zfp874a	true	false	1
Zfp874b	true	false	1
Zfp930	true	false	1
Zfp931	true	false	1
Zfp932	true	false	1
Zfp933	true	false	1
Zfp934	true	false	1
Zfp935	true	false	1
Zfp936	true	false	1
Zfp937	true	false	1
Zfp938	true	false	1
Zfp951	true	false	1
Zfp954	true	false	1
Zfp958	true	false	1
Zfp959	true	false	1
Zfp960	true	false	1
Zfp968	true	false	1
Zfp97	true	false	1
Zfp970	true	false	1
Zfp971	true	false	1
Zfp973	true	false	1
Zfp974	true	false	1
Zfp975	true	false	1
Zfp976	true	false	1
Zfp983	true	false	1
Zfp997	true	false	1
Zfyve16	true	false	1
Zgrf1	true	false	1
Zmat4	true	false	1
Zp3r	true	false	1
Zrsr2	true	false	1
Zscan4b	true	false	1
Zscan4c	true	false	1
Zscan4d	true	false	1
Zscan4f	true	false	1
Zxdb	true	false	1
0610010F05Rik	false	true	1
0610012G03Rik	false	true	1
1110008P14Rik	false	true	1
1520401A03Rik	false	true	1
1700001C19Rik	false	true	1
1700040F15Rik	false	true	1
1700042G07Rik	false	true	1
1700123L14Rik	false	true	1
1810020O05Rik	false	true	1
1810058I24Rik	false	true	1
2310034G01Rik	false	true	1
2410137M14Rik	false	true	1
2610001J05Rik	false	true	1
2610021A01Rik	false	true	1
2610301B20Rik	false	true	1
2700081O15Rik	false	true	1
2810006K23Rik	false	true	1
3110001I22Rik	false	true	1
4930402H24Rik	false	true	1
4930433I11Rik	false	true	1
4930444G20Rik	false	true	1
4930467E23Rik	false	true	1
4931417E11Rik	false	true	1
4931428L18Rik	false	true	1
4932415D10Rik	false	true	1
4933400A11Rik	false	true	1
4933405O20Rik	false	true	1
4933424G06Rik	false	true	1
5730480H06Rik	false	true	1
9030025P20Rik	false	true	1
A26c2	false	true	1
A26c3	false	true	1
AA792892	false	true	1
AF366264	false	true	1
ARVCF	false	true	1
AU015836	false	true	1
Anapc15-ps	false	true	1
Ang5	false	true	1
Arxes1	false	true	1
Atg4a-ps	false	true	1
B020011L13Rik	false	true	1
BC025920	false	true	1
BC029722	false	true	1
BC035947	false	true	1
BC048403	false	true	1
BC049762	false	true	1
C130073F10Rik	false	true	1
C330007P06Rik	false	true	1
CXorf58	false	true	1
Cc2d2b	false	true	1
Ccdc144b	false	true	1
Ccl21d	false	true	1
Cd209f	false	true	1
Cd300ld2	false	true	1
Cd300ld4	false	true	1
Cdc34b	false	true	1
Ces1h	false	true	1
Cldn34c2	false	true	1
Clec2m	false	true	1
Clec4b2	false	true	1
Commd1b	false	true	1
Cox5b-ps	false	true	1
Cramp1l	false	true	1
Cstdc2	false	true	1
Cyp3a41b	false	true	1
Cyp4f13	false	true	1
Cyp4f16	false	true	1
Cyp4f17	false	true	1
Cyp4f37	false	true	1
D10Wsu102e	false	true	1
D230025D16Rik	false	true	1
Defa20	false	true	1
Defa33	false	true	1
Defa38	false	true	1
Defa42	false	true	1
Derpc	false	true	1
Dnmt3c	false	true	1
Doxl1	false	true	1
Doxl2	false	true	1
Dpep2nb	false	true	1
Dupd1	false	true	1
Dynlt1a	false	true	1
Dynlt1f	false	true	1
Dynlt2a1	false	true	1
E330014E10Rik	false	true	1
EPPK1	false	true	1
Eif4a3l2	false	true	1
Entpd4	false	true	1
Etfbl	false	true	1
Fam155a	false	true	1
Fam160a1	false	true	1
Fam160a2	false	true	1
Fam160b1	false	true	1
Fam160b2	false	true	1
Fam205a3	false	true	1
Fam205a4	false	true	1
Fbxw25	false	true	1
Fbxw27	false	true	1
Flg	false	true	1
Foxl3	false	true	1
Ftl1-ps1	false	true	1
G530012D18Rik	false	true	1
Gal3st2b	false	true	1
Galnt2l	false	true	1
Glipr1l3	false	true	1
Gm10037	false	true	1
Gm10058	false	true	1
Gm10096	false	true	1
Gm10147	false	true	1
Gm10153	false	true	1
Gm10230	false	true	1
Gm10256	false	true	1
Gm10272	false	true	1
Gm10320	false	true	1
Gm10334	false	true	1
Gm10352	false	true	1
Gm10358	false	true	1
Gm10486	false	true	1
Gm10487	false	true	1
Gm10542	false	true	1
Gm10591	false	true	1
Gm10681	false	true	1
Gm11100	false	true	1
Gm1123	false	true	1
Gm11236	false	true	1
Gm11237	false	true	1
Gm11238	false	true	1
Gm11239	false	true	1
Gm11487	false	true	1
Gm11554	false	true	1
Gm11555	false	true	1
Gm11569	false	true	1
Gm11595	false	true	1
Gm11756	false	true	1
Gm11757	false	true	1
Gm11758	false	true	1
Gm11808	false	true	1
Gm12184	false	true	1
Gm12248	false	true	1
Gm12394	false	true	1
Gm12666	false	true	1
Gm12789	false	true	1
Gm12790	false	true	1
Gm13043	false	true	1
Gm13057	false	true	1
Gm13102	false	true	1
Gm13305	false	true	1
Gm13306	false	true	1
Gm13547	false	true	1
Gm13693	false	true	1
Gm13694	false	true	1
Gm13696	false	true	1
Gm13697	false	true	1
Gm13698	false	true	1
Gm13871	false	true	1
Gm14226	false	true	1
Gm14548	false	true	1
Gm14632	false	true	1
Gm14698	false	true	1
Gm14819	false	true	1
Gm15262	false	true	1
Gm15319	false	true	1
Gm15448	false	true	1
Gm16367	false	true	1
Gm16405	false	true	1
Gm16430	false	true	1
Gm16513	false	true	1
Gm17018	false	true	1
Gm17266	false	true	1
Gm18336	false	true	1
Gm18596	false	true	1
Gm20390	false	true	1
Gm2042	false	true	1
Gm20422	false	true	1
Gm20431	false	true	1
Gm20458	false	true	1
Gm20489	false	true	1
Gm20503	false	true	1
Gm20509	false	true	1
Gm20517	false	true	1
Gm20518	false	true	1
Gm20521	false	true	1
Gm20547	false	true	1
Gm20604	false	true	1
Gm20605	false	true	1
Gm20671	false	true	1
Gm20683	false	true	1
Gm20695	false	true	1
Gm20715	false	true	1
Gm20716	false	true	1
Gm20736	false	true	1
Gm20741	false	true	1
Gm20792	false	true	1
Gm20814	false	true	1
Gm20817	false	true	1
Gm20820	false	true	1
Gm20824	false	true	1
Gm20835	false	true	1
Gm20837	false	true	1
Gm20838	false	true	1
Gm20843	false	true	1
Gm20850	false	true	1
Gm20855	false	true	1
Gm20869	false	true	1
Gm20870	false	true	1
Gm20883	false	true	1
Gm20888	false	true	1
Gm20894	false	true	1
Gm20896	false	true	1
Gm20897	false	true	1
Gm20903	false	true	1
Gm20905	false	true	1
Gm20906	false	true	1
Gm20908	false	true	1
Gm20916	false	true	1
Gm20920	false	true	1
Gm20929	false	true	1
Gm20931	false	true	1
Gm20937	false	true	1
Gm21094	false	true	1
Gm21117	false	true	1
Gm21119	false	true	1
Gm21173	false	true	1
Gm21209	false	true	1
Gm21256	false	true	1
Gm21258	false	true	1
Gm21294	false	true	1
Gm21317	false	true	1
Gm21366	false	true	1
Gm21409	false	true	1
Gm21411	false	true	1
Gm21477	false	true	1
Gm21488	false	true	1
Gm21497	false	true	1
Gm21518	false	true	1
Gm21627	false	true	1
Gm21650	false	true	1
Gm21677	false	true	1
Gm21704	false	true	1
Gm21739	false	true	1
Gm21760	false	true	1
Gm21858	false	true	1
Gm21861	false	true	1
Gm21865	false	true	1
Gm21876	false	true	1
Gm21885	false	true	1
Gm21969	false	true	1
Gm21970	false	true	1
Gm21973	false	true	1
Gm21974	false	true	1
Gm21981	false	true	1
Gm21983	false	true	1
Gm21985	false	true	1
Gm21987	false	true	1
Gm21988	false	true	1
Gm21992	false	true	1
Gm21996	false	true	1
Gm2411	false	true	1
Gm26920	false	true	1
Gm26938	false	true	1
Gm26965	false	true	1
Gm27029	false	true	1
Gm27179	false	true	1
Gm28035	false	true	1
Gm28040	false	true	1
Gm28041	false	true	1
Gm28042	false	true	1
Gm28043	false	true	1
Gm28044	false	true	1
Gm28051	false	true	1
Gm28102	false	true	1
Gm28168	false	true	1
Gm28230	false	true	1
Gm28360	false	true	1
Gm28490	false	true	1
Gm28510	false	true	1
Gm28539	false	true	1
Gm28551	false	true	1
Gm28553	false	true	1
Gm28576	false	true	1
Gm28635	false	true	1
Gm28778	false	true	1
Gm28827	false	true	1
Gm28845	false	true	1
Gm28870	false	true	1
Gm28891	false	true	1
Gm28897	false	true	1
Gm28919	false	true	1
Gm28961	false	true	1
Gm28998	false	true	1
Gm29094	false	true	1
Gm29110	false	true	1
Gm29276	false	true	1
Gm29289	false	true	1
Gm29394	false	true	1
Gm29554	false	true	1
Gm29564	false	true	1
Gm29582	false	true	1
Gm29609	false	true	1
Gm29866	false	true	1
Gm30083	false	true	1
Gm30737	false	true	1
Gm31371	false	true	1
Gm31571	false	true	1
Gm3183	false	true	1
Gm32717	false	true	1
Gm32802	false	true	1
Gm3286	false	true	1
Gm3435	false	true	1
Gm34653	false	true	1
Gm35134	false	true	1
Gm3550	false	true	1
Gm36028	false	true	1
Gm36176	false	true	1
Gm36255	false	true	1
Gm37240	false	true	1
Gm37388	false	true	1
Gm37389	false	true	1
Gm37797	false	true	1
Gm38100	false	true	1
Gm3839	false	true	1
Gm38392	false	true	1
Gm38393	false	true	1
Gm38394	false	true	1
Gm38431	false	true	1
Gm3854	false	true	1
Gm3858	false	true	1
Gm39566	false	true	1
Gm39653	false	true	1
Gm40193	false	true	1
Gm40460	false	true	1
Gm4125	false	true	1
Gm42372	false	true	1
Gm42416	false	true	1
Gm42417	false	true	1
Gm42420	false	true	1
Gm42421	false	true	1
Gm42517	false	true	1
Gm42669	false	true	1
Gm42674	false	true	1
Gm42688	false	true	1
Gm42715	false	true	1
Gm42742	false	true	1
Gm428	false	true	1
Gm42878	false	true	1
Gm42957	false	true	1
Gm4301	false	true	1
Gm4303	false	true	1
Gm4305	false	true	1
Gm43064	false	true	1
Gm43302	false	true	1
Gm4356	false	true	1
Gm43638	false	true	1
Gm43720	false	true	1
Gm4450	false	true	1
Gm44502	false	true	1
Gm44503	false	true	1
Gm44505	false	true	1
Gm44511	false	true	1
Gm44579	false	true	1
Gm44596	false	true	1
Gm44805	false	true	1
Gm44973	false	true	1
Gm45015	false	true	1
Gm45062	false	true	1
Gm45234	false	true	1
Gm45261	false	true	1
Gm45337	false	true	1
Gm4553	false	true	1
Gm4559	false	true	1
Gm45618	false	true	1
Gm45623	false	true	1
Gm45692	false	true	1
Gm45711	false	true	1
Gm45716	false	true	1
Gm45753	false	true	1
Gm45785	false	true	1
Gm45799	false	true	1
Gm45808	false	true	1
Gm45837	false	true	1
Gm45928	false	true	1
Gm4737	false	true	1
Gm49320	false	true	1
Gm49322	false	true	1
Gm49333	false	true	1
Gm49336	false	true	1
Gm49337	false	true	1
Gm49340	false	true	1
Gm49342	false	true	1
Gm49345	false	true	1
Gm49354	false	true	1
Gm49355	false	true	1
Gm49358	false	true	1
Gm49361	false	true	1
Gm49366	false	true	1
Gm49368	false	true	1
Gm49369	false	true	1
Gm49373	false	true	1
Gm49378	false	true	1
Gm49380	false	true	1
Gm49384	false	true	1
Gm49387	false	true	1
Gm49396	false	true	1
Gm49403	false	true	1
Gm49416	false	true	1
Gm49425	false	true	1
Gm49486	false	true	1
Gm49496	false	true	1
Gm49510	false	true	1
Gm49601	false	true	1
Gm49630	false	true	1
Gm49661	false	true	1
Gm49673	false	true	1
Gm49721	false	true	1
Gm49776	false	true	1
Gm49804	false	true	1
Gm49918	false	true	1
Gm50092	false	true	1
Gm50139	false	true	1
Gm50253	false	true	1
Gm50318	false	true	1
Gm50364	false	true	1
Gm50367	false	true	1
Gm50387	false	true	1
Gm50388	false	true	1
Gm50478	false	true	1
Gm5096	false	true	1
Gm5155	false	true	1
Gm5244	false	true	1
Gm52968	false	true	1
Gm52993	false	true	1
Gm53012	false	true	1
Gm5415	false	true	1
Gm5426	false	true	1
Gm5478	false	true	1
Gm5678	false	true	1
Gm5698	false	true	1
Gm5737	false	true	1
Gm5751	false	true	1
Gm5773	false	true	1
Gm5849	false	true	1
Gm5945	false	true	1
Gm5965	false	true	1
Gm6169	false	true	1
Gm6205	false	true	1
Gm6351	false	true	1
Gm6367	false	true	1
Gm6525	false	true	1
Gm6614	false	true	1
Gm6657	false	true	1
Gm7072	false	true	1
Gm7075	false	true	1
Gm7145	false	true	1
Gm7271	false	true	1
Gm7298	false	true	1
Gm7324	false	true	1
Gm7579	false	true	1
Gm7697	false	true	1
Gm7879	false	true	1
Gm884	false	true	1
Gm9008	false	true	1
Gm9040	false	true	1
Gm9044	false	true	1
Gm9045	false	true	1
Gm9046	false	true	1
Gm9048	false	true	1
Gm9049	false	true	1
Gm9495	false	true	1
Gm9507	false	true	1
Gm9736	false	true	1
Gm9774	false	true	1
Gm9803	false	true	1
Gm9833	false	true	1
Gm9844	false	true	1
Grrp1	false	true	1
H2-M11	false	true	1
H2-T24	false	true	1
H2al1a	false	true	1
H2al1b	false	true	1
H2al1c	false	true	1
H2al1d	false	true	1
H2al1e	false	true	1
H2al1f	false	true	1
H2al1g	false	true	1
H2al1h	false	true	1
H2al1i	false	true	1
H2al1j	false	true	1
H2al1k	false	true	1
H2al1m	false	true	1
H2al1o	false	true	1
H2al2a	false	true	1
H2al2b	false	true	1
H2al2c	false	true	1
H2bc6	false	true	1
H3c11	false	true	1
H3c13	false	true	1
H3c14	false	true	1
H3c15	false	true	1
H3c2	false	true	1
H3c3	false	true	1
H3c4	false	true	1
H3c7	false	true	1
H4c1	false	true	1
H4c12	false	true	1
H4c4	false	true	1
Hba-a2	false	true	1
Ifi202b	false	true	1
Ifi203	false	true	1
Ifi209	false	true	1
Il11ra2	false	true	1
Il1f5	false	true	1
Il1f6	false	true	1
Il1f8	false	true	1
Il1f9	false	true	1
Iltifb	false	true	1
Irgm2	false	true	1
Kifc1	false	true	1
Klre1	false	true	1
Klrh1	false	true	1
Klri1	false	true	1
Klri2	false	true	1
Krtap4-1	false	true	1
Krtap4-2	false	true	1
Krtap4-9	false	true	1
LIN54	false	true	1
Lrmp	false	true	1
Lrrc37a	false	true	1
Lrrc51	false	true	1
Mageb1	false	true	1
Mageb2	false	true	1
Mageb6b2	false	true	1
Map11	false	true	1
Maskbp3	false	true	1
Mfsd4b4	false	true	1
Mgam2-ps	false	true	1
Mindy4b-ps	false	true	1
Mpp5	false	true	1
Mpp6	false	true	1
Mrgpra2b	false	true	1
Msantd5	false	true	1
Ndufb1	false	true	1
Nipsnap3a	false	true	1
Nscme3l	false	true	1
Nutf2-ps1	false	true	1
OR5BS1P	false	true	1
Oit1	false	true	1
Olfr1096	false	true	1
Olfr1116	false	true	1
Olfr1118	false	true	1
Olfr1174	false	true	1
Olfr1175	false	true	1
Olfr1191-ps1	false	true	1
Olfr1192-ps1	false	true	1
Olfr1224-ps1	false	true	1
Olfr1291-ps1	false	true	1
Olfr1293-ps	false	true	1
Olfr1369-ps1	false	true	1
Olfr1425	false	true	1
Olfr1438-ps1	false	true	1
Olfr1493-ps1	false	true	1
Olfr156	false	true	1
Olfr1565	false	true	1
Olfr157	false	true	1
Olfr285	false	true	1
Olfr286	false	true	1
Olfr329	false	true	1
Olfr398	false	true	1
Olfr465-ps1	false	true	1
Olfr466	false	true	1
Olfr519	false	true	1
Olfr55	false	true	1
Olfr560	false	true	1
Olfr675	false	true	1
Olfr839-ps1	false	true	1
Olfr844	false	true	1
Olfr873	false	true	1
Pagr1b	false	true	1
Pcdha4	false	true	1
Pcdhga1	false	true	1
Pcdhga2	false	true	1
Pcdhga5	false	true	1
Pcdhga8	false	true	1
Pcdhgb6	false	true	1
Pcdhgb7	false	true	1
Pcdhgc4	false	true	1
Pigbos1	false	true	1
Plac9a	false	true	1
Pnmal1	false	true	1
Pnmal2	false	true	1
Ppp1r14bl	false	true	1
Pramel18	false	true	1
Pramel23	false	true	1
Pramel33	false	true	1
Pramel36	false	true	1
Pramel39	false	true	1
Pramel4	false	true	1
Pramel41	false	true	1
Pramel42	false	true	1
Pramel43	false	true	1
Pramel44	false	true	1
Pramel45	false	true	1
Pramel50	false	true	1
Prl3d1	false	true	1
Pttg1ip2	false	true	1
Pwwp4a	false	true	1
Pwwp4b	false	true	1
Pwwp4c	false	true	1
Pwwp4d	false	true	1
RPS6KA4	false	true	1
Rdh16f1	false	true	1
Rex2	false	true	1
Rhox13	false	true	1
Rplp2-ps1	false	true	1
Rps18-ps6	false	true	1
Rtl8b	false	true	1
SMIM39	false	true	1
SPATA5L1	false	true	1
Sap18b	false	true	1
Selenov	false	true	1
Serpina1a	false	true	1
Shld3	false	true	1
Siglech	false	true	1
Sirpb1b	false	true	1
Sirpb1c	false	true	1
Slfn3	false	true	1
Slxl1	false	true	1
Sly	false	true	1
Smim40	false	true	1
Smim40-ps	false	true	1
Smim43	false	true	1
Snapc1l	false	true	1
Snhg4	false	true	1
Spink10	false	true	1
Spink11	false	true	1
Spinkl	false	true	1
Spopfm1	false	true	1
Spopfm3	false	true	1
Srp54a	false	true	1
Sult2a4	false	true	1
Sult2a7	false	true	1
Sult5a1	false	true	1
Svs1	false	true	1
Svs2	false	true	1
TUSC3	false	true	1
Taz	false	true	1
Tdpoz2	false	true	1
Tdpoz5	false	true	1
Tdpoz6	false	true	1
Tdpoz7	false	true	1
Tdpoz8	false	true	1
Tdpoz9-ps1	false	true	1
Tes3-ps	false	true	1
Tesl2	false	true	1
Tex13c2	false	true	1
Tgif2lx2	false	true	1
Tmem189	false	true	1
Tmem250-ps	false	true	1
Tmem254a	false	true	1
Tmem28	false	true	1
Trim30b	false	true	1
Trim30c	false	true	1
Trim34b	false	true	1
Ubl5c	false	true	1
Ugt1a6a	false	true	1
Ugt1a8	false	true	1
Vmn1r239-ps	false	true	1
Wdr92	false	true	1
Zfp101	false	true	1
Zfp108	false	true	1
Zfp109	false	true	1
Zfp11	false	true	1
Zfp114	false	true	1
Zfp141	false	true	1
Zfp386	false	true	1
Zfp39	false	true	1
Zfp469	false	true	1
Zfp472	false	true	1
Zfp534	false	true	1
Zfp54	false	true	1
Zfp60	false	true	1
Zfp65	false	true	1
Zfp760	false	true	1
Zfp78	false	true	1
Zfp81	false	true	1
Zfp819	false	true	1
Zfp820	false	true	1
Zfp84	false	true	1
Zfp941	false	true	1
Zfp942	false	true	1
Zfp943	false	true	1
Zfp944	false	true	1
Zfp945	false	true	1
Zfp946	false	true	1
Zfp947	false	true	1
Zfp952	false	true	1
Zfp953	false	true	1
Zfp955a	false	true	1
Zfp955b	false	true	1
Zfp956	false	true	1
Zfp957	false	true	1
Zfp978	false	true	1
Zfp979	false	true	1
Zfp980	false	true	1
Zfp981	false	true	1
Zfp984	false	true	1
Zfp985	false	true	1
Zfp986	false	true	1
Zfp987	false	true	1
Zfp988	false	true	1
Zfp989	false	true	1
Zfp990	false	true	1
Zfp991	false	true	1
Zfp992	false	true	1
Zfp993	false	true	1
Zfp994	false	true	1
Zfp995	false	true	1
